This is LuaHBTeX, Version 1.24.0 (MiKTeX 26.2) (format=lualatex 2026.5.2)  25 AUG 2026 21:01
 restricted system commands enabled.
 file:line:error style messages enabled.
**C:/Latex/Die-Grundlagen-der-Mathematik/tmp/pdfs/b19-fast/B19-isolated-wrapper
.tex

(C:/Latex/Die-Grundlagen-der-Mathematik/tmp/pdfs/b19-fast/B19-isolated-wrapper.
tex
LaTeX2e <2025-11-01>
L3 programming layer <2026-03-20>
Lua module: luaotfload 2024-12-03 v3.29 Lua based OpenType font support
Lua module: lualibs 2023-07-13 v2.76 ConTeXt Lua standard libraries.
Lua module: lualibs-extended 2023-07-13 v2.76 ConTeXt Lua libraries -- extended 
collection.
luaotfload | conf : Root cache directory is "C:/Users/Martin Kunze/AppData/Local
/MiKTeX/luatex-cache/generic/names".
luaotfload | init : Loading fontloader "fontloader-2023-12-28.lua" from kpse-res
olved path "C:/Users/Martin Kunze/AppData/Local/Programs/MiKTeX/tex/luatex/luaot
fload/fontloader-2023-12-28.lua".
Lua-only attribute luaotfload@noligature = 1
luaotfload | init : Context OpenType loader version 3.134
Inserting `luaotfload.node_processor' in `pre_linebreak_filter'.
Inserting `luaotfload.node_processor' in `hpack_filter'.
Inserting `luaotfload.glyph_stream' in `glyph_stream_provider'.
Inserting `luaotfload.define_font' in `define_font'.
Lua-only attribute luaotfload_color_attribute = 2
luaotfload | conf : Root cache directory is "C:/Users/Martin Kunze/AppData/Local
/MiKTeX/luatex-cache/generic/names".
Inserting `luaotfload.harf.strip_prefix' in `find_opentype_file'.
Inserting `luaotfload.harf.strip_prefix' in `find_truetype_file'.
Removing  `luaotfload.glyph_stream' from `glyph_stream_provider'.
Inserting `luaotfload.harf.glyphstream' in `glyph_stream_provider'.
Inserting `luaotfload.harf.finalize_vlist' in `post_linebreak_filter'.
Inserting `luaotfload.harf.finalize_hlist' in `hpack_filter'.
Inserting `luaotfload.cleanup_files' in `wrapup_run'.
Inserting `luaotfload.harf.finalize_unicode' in `finish_pdffile'.
Inserting `luaotfload.glyphinfo' in `glyph_info'.
Lua-only attribute luaotfload.letterspace_done = 3
Inserting `luaotfload.aux.set_sscale_dimens' in `luaotfload.patch_font'.
Inserting `luaotfload.aux.set_font_index' in `luaotfload.patch_font'.
Inserting `luaotfload.aux.patch_cambria_domh' in `luaotfload.patch_font'.
Inserting `luaotfload.aux.fixup_fontdata' in `luaotfload.patch_font_unsafe'.
Inserting `luaotfload.aux.set_capheight' in `luaotfload.patch_font'.
Inserting `luaotfload.aux.set_xheight' in `luaotfload.patch_font'.
Inserting `luaotfload.rewrite_fontname' in `luaotfload.patch_font'.
Inserting `tracingstacklevels' in `input_level_string'. ("./Bd. 19 - Reelle Zah
len.tex"
("C:/Users/Martin Kunze/AppData/Local/Programs/MiKTeX/tex/latex/subfiles/subfil
es.cls"
Document Class: subfiles 2020/11/14 v2.2 Multi-file projects (class)
Preamble taken from file `main.tex'

("C:/Users/Martin Kunze/AppData/Local/Programs/MiKTeX/tex/latex/import/import.s
ty"
Package: import 2020/04/01  v 6.2
) (./main.tex
("C:/Users/Martin Kunze/AppData/Local/Programs/MiKTeX/tex/latex/base/report.cls
"
Document Class: report 2025/01/22 v1.4n Standard LaTeX document class
("C:/Users/Martin Kunze/AppData/Local/Programs/MiKTeX/tex/latex/base/size11.clo
"
File: size11.clo 2025/01/22 v1.4n Standard LaTeX file (size option)
luaotfload | db : Font names database loaded from C:/Users/Martin Kunze/AppData/
Local/MiKTeX/luatex-cache/generic/names/luaotfload-names.luc.gz)
\c@part=\count273
\c@chapter=\count274
\c@section=\count275
\c@subsection=\count276
\c@subsubsection=\count277
\c@paragraph=\count278
\c@subparagraph=\count279
\c@figure=\count280
\c@table=\count281
\abovecaptionskip=\skip49
\belowcaptionskip=\skip50
\bibindent=\dimen149
)
("C:/Users/Martin Kunze/AppData/Local/Programs/MiKTeX/tex/generic/babel/babel.s
ty"
Package: babel 2026/03/24 v26.5 The multilingual framework for LuaLaTeX, pdfLaT
eX and XeLaTeX

("C:/Users/Martin Kunze/AppData/Local/Programs/MiKTeX/tex/generic/babel/luababe
l.def"
\bbl@readstream=\read2
\l@afrikaans=\language2
Package babel Info: Non-standard hyphenation setup on input line 118.
\l@ancientgreek=\language3
\l@armenian=\language4
\l@assamese=\language5
\l@basque=\language6
\l@belarusian=\language7
\l@bengali=\language8
\l@bokmal=\language9
\l@bulgarian=\language10
\l@catalan=\language11
\l@churchslavonic=\language12
\l@classiclatin=\language13
\l@coptic=\language14
\l@croatian=\language15
\l@czech=\language16
\l@danish=\language17
\l@dutch=\language18
\l@esperanto=\language19
\l@estonian=\language20
\l@ethiopic=\language21
\l@finnish=\language22
\l@french=\language23
\l@friulan=\language24
\l@galician=\language25
\l@georgian=\language26
\l@german=\language27
\l@greek=\language28
\l@gujarati=\language29
\l@hindi=\language30
\l@hungarian=\language31
\l@icelandic=\language32
\l@indonesian=\language33
\l@interlingua=\language34
\l@irish=\language35
\l@italian=\language36
\l@kannada=\language37
\l@kurmanji=\language38
\l@latin=\language39
\l@latvian=\language40
\l@lithuanian=\language41
\l@liturgicallatin=\language42
\l@macedonian=\language43
\l@malayalam=\language44
\l@marathi=\language45
\l@mongolian=\language46
\l@mongolianlmc=\language47
\l@monogreek=\language48
\l@ngerman=\language49
\l@nynorsk=\language50
\l@occitan=\language51
\l@oriya=\language52
\l@pali=\language53
\l@panjabi=\language54
\l@piedmontese=\language55
\l@polish=\language56
\l@portuguese=\language57
\l@romanian=\language58
\l@romansh=\language59
\l@russian=\language60
\l@sanskrit=\language61
\l@serbian=\language62
\l@serbianc=\language63
\l@slovak=\language64
\l@slovenian=\language65
\l@spanish=\language66
\l@swedish=\language67
\l@swissgerman=\language68
\l@tamil=\language69
\l@telugu=\language70
\l@thai=\language71
\l@turkish=\language72
\l@turkmen=\language73
\l@ukenglish=\language74
\l@ukrainian=\language75
\l@uppersorbian=\language76
\l@usenglishmax=\language77
\l@welsh=\language78
\babelcatcodetablenum=\catcodetable14
\bbl@pattcodes=\catcodetable15
)
\babel@savecnt=\count282
LaTeX Encoding Info:    Redeclaring text command \ij (encoding OT1) on input li
ne 2078.
LaTeX Encoding Info:    Redeclaring text command \IJ (encoding OT1) on input li
ne 2080.
LaTeX Encoding Info:    Redeclaring text command \ij (encoding T1) on input lin
e 2082.
LaTeX Encoding Info:    Redeclaring text command \IJ (encoding T1) on input lin
e 2083.
LaTeX Encoding Info:    Ignoring declaration for text command \ij (encoding ?) 
on input line 2084.
LaTeX Encoding Info:    Ignoring declaration for text command \IJ (encoding ?) 
on input line 2086.
LaTeX Encoding Info:    Ignoring declaration for text command \SS (encoding ?) 
on input line 2111.
\U@D=\dimen150
\l@unhyphenated=\language79

("C:/Users/Martin Kunze/AppData/Local/Programs/MiKTeX/tex/generic/babel/luababe
l.def"
\bbl@attr@locale=\attribute4
)
Package babel Info: Configuration files are deprecated, as
(babel)             they can break document portability.
(babel)             Reported on input line 4206.

*************************************
* Local config file bblopts.cfg used
*

("C:/Users/Martin Kunze/AppData/Local/Programs/MiKTeX/tex/latex/arabi/bblopts.c
fg"
File: bblopts.cfg 2005/09/08 v0.1 add Arabic and Farsi to "declared" options of
 babel
)
("C:/Users/Martin Kunze/AppData/Local/Programs/MiKTeX/tex/generic/babel/locale/
de/babel-german.tex")
Package babel Info: Importing font and identification data for german
(babel)             from babel-de.ini. Reported on input line 4330.

("C:/Users/Martin Kunze/AppData/Local/Programs/MiKTeX/tex/latex/babel-german/ge
rman.ldf"
Language: german 

("C:/Users/Martin Kunze/AppData/Local/Programs/MiKTeX/tex/latex/babel-german/ba
bel-german.def"
Package babel Info: Making " an active character on input line 500.

("C:/Users/Martin Kunze/AppData/Local/Programs/MiKTeX/tex/generic/hyph-utf8/loa
dhyph/loadhyph-de-1901.tex"
UTF-8 German hyphenation patterns (traditional orthography)
("C:/Users/Martin Kunze/AppData/Local/Programs/MiKTeX/tex/generic/hyph-utf8/pat
terns/tex/hyph-de-1901.tex"
German Hyphenation Patterns (Traditional Orthography) `dehypht-x' 2024-02-28 (W
L))))))
("C:/Users/Martin Kunze/AppData/Local/Programs/MiKTeX/tex/latex/csquotes/csquot
es.sty"
Package: csquotes 2024-04-04 v5.2o context-sensitive quotations (JAW)

("C:/Users/Martin Kunze/AppData/Local/Programs/MiKTeX/tex/latex/etoolbox/etoolb
ox.sty"
Package: etoolbox 2025/10/02 v2.5m e-TeX tools for LaTeX (JAW)
\etb@tempcnta=\count283
)
("C:/Users/Martin Kunze/AppData/Local/Programs/MiKTeX/tex/latex/graphics/keyval
.sty"
Package: keyval 2022/05/29 v1.15 key=value parser (DPC)
\KV@toks@=\toks17
)
\csq@reset=\count284
\csq@gtype=\count285
\csq@glevel=\count286
\csq@qlevel=\count287
\csq@maxlvl=\count288
\csq@tshold=\count289
\csq@ltx@everypar=\toks18

("C:/Users/Martin Kunze/AppData/Local/Programs/MiKTeX/tex/latex/csquotes/csquot
es.def"
File: csquotes.def 2024-04-04 v5.2o csquotes generic definitions (JAW)
)
Package csquotes Info: Trying to load configuration file 'csquotes.cfg'...
Package csquotes Info: ... configuration file loaded successfully.

("C:/Users/Martin Kunze/AppData/Local/Programs/MiKTeX/tex/latex/csquotes/csquot
es.cfg"
File: csquotes.cfg 
))
("C:/Users/Martin Kunze/AppData/Local/Programs/MiKTeX/tex/latex/amsmath/amsmath
.sty"
Package: amsmath 2025/07/09 v2.17z AMS math features
\@mathmargin=\skip51

For additional information on amsmath, use the `?' option.

("C:/Users/Martin Kunze/AppData/Local/Programs/MiKTeX/tex/latex/amsmath/amstext
.sty"
Package: amstext 2024/11/17 v2.01 AMS text

("C:/Users/Martin Kunze/AppData/Local/Programs/MiKTeX/tex/latex/amsmath/amsgen.
sty"
File: amsgen.sty 1999/11/30 v2.0 generic functions
\@emptytoks=\toks19
\ex@=\dimen151
))
("C:/Users/Martin Kunze/AppData/Local/Programs/MiKTeX/tex/latex/amsmath/amsbsy.
sty"
Package: amsbsy 1999/11/29 v1.2d Bold Symbols
\pmbraise@=\dimen152
)
("C:/Users/Martin Kunze/AppData/Local/Programs/MiKTeX/tex/latex/amsmath/amsopn.
sty"
Package: amsopn 2022/04/08 v2.04 operator names
)
\inf@bad=\count290
LaTeX Info: Redefining \frac on input line 235.
\uproot@=\count291
\leftroot@=\count292
LaTeX Info: Redefining \overline on input line 398.
LaTeX Info: Redefining \colon on input line 409.
\classnum@=\count293
\DOTSCASE@=\count294
LaTeX Info: Redefining \ldots on input line 495.
LaTeX Info: Redefining \dots on input line 498.
LaTeX Info: Redefining \cdots on input line 619.
\Mathstrutbox@=\box53
\strutbox@=\box54
LaTeX Info: Redefining \big on input line 721.
LaTeX Info: Redefining \Big on input line 722.
LaTeX Info: Redefining \bigg on input line 723.
LaTeX Info: Redefining \Bigg on input line 724.
\big@size=\dimen153
LaTeX Font Info:    Redeclaring font encoding OML on input line 742.
LaTeX Font Info:    Redeclaring font encoding OMS on input line 743.
\macc@depth=\count295
LaTeX Info: Redefining \bmod on input line 904.
LaTeX Info: Redefining \pmod on input line 909.
LaTeX Info: Redefining \smash on input line 939.
LaTeX Info: Redefining \relbar on input line 969.
LaTeX Info: Redefining \Relbar on input line 970.
\c@MaxMatrixCols=\count296
\dotsspace@=\muskip17
\c@parentequation=\count297
\dspbrk@lvl=\count298
\tag@help=\toks20
\row@=\count299
\column@=\count300
\maxfields@=\count301
\andhelp@=\toks21
\eqnshift@=\dimen154
\alignsep@=\dimen155
\tagshift@=\dimen156
\tagwidth@=\dimen157
\totwidth@=\dimen158
\lineht@=\dimen159
\@envbody=\toks22
\multlinegap=\skip52
\multlinetaggap=\skip53
\mathdisplay@stack=\toks23
LaTeX Info: Redefining \[ on input line 2950.
LaTeX Info: Redefining \] on input line 2951.
)
("C:/Users/Martin Kunze/AppData/Local/Programs/MiKTeX/tex/latex/amsfonts/amssym
b.sty"
Package: amssymb 2013/01/14 v3.01 AMS font symbols

("C:/Users/Martin Kunze/AppData/Local/Programs/MiKTeX/tex/latex/amsfonts/amsfon
ts.sty"
Package: amsfonts 2013/01/14 v3.01 Basic AMSFonts support
\symAMSa=\mathgroup4
\symAMSb=\mathgroup5
LaTeX Font Info:    Redeclaring math symbol \hbar on input line 98.
LaTeX Font Info:    Overwriting math alphabet `\mathfrak' in version `bold'
(Font)                  U/euf/m/n --> U/euf/b/n on input line 106.
))
("C:/Users/Martin Kunze/AppData/Local/Programs/MiKTeX/tex/latex/hyperref/hyperr
ef.sty"
Package: hyperref 2026-01-29 v7.01p Hypertext links for LaTeX

("C:/Users/Martin Kunze/AppData/Local/Programs/MiKTeX/tex/generic/iftex/iftex.s
ty"
Package: iftex 2024/12/12 v1.0g TeX engine tests
)
("C:/Users/Martin Kunze/AppData/Local/Programs/MiKTeX/tex/latex/kvsetkeys/kvset
keys.sty"
Package: kvsetkeys 2022-10-05 v1.19 Key value parser (HO)
)
("C:/Users/Martin Kunze/AppData/Local/Programs/MiKTeX/tex/generic/kvdefinekeys/
kvdefinekeys.sty"
Package: kvdefinekeys 2019-12-19 v1.6 Define keys (HO)
)
("C:/Users/Martin Kunze/AppData/Local/Programs/MiKTeX/tex/generic/pdfescape/pdf
escape.sty"
Package: pdfescape 2019/12/09 v1.15 Implements pdfTeX's escape features (HO)

("C:/Users/Martin Kunze/AppData/Local/Programs/MiKTeX/tex/generic/ltxcmds/ltxcm
ds.sty"
Package: ltxcmds 2023-12-04 v1.26 LaTeX kernel commands for general use (HO)
)
("C:/Users/Martin Kunze/AppData/Local/Programs/MiKTeX/tex/generic/pdftexcmds/pd
ftexcmds.sty"
Package: pdftexcmds 2020-06-27 v0.33 Utility functions of pdfTeX for LuaTeX (HO
)

("C:/Users/Martin Kunze/AppData/Local/Programs/MiKTeX/tex/generic/infwarerr/inf
warerr.sty"
Package: infwarerr 2019/12/03 v1.5 Providing info/warning/error messages (HO)
)
Package pdftexcmds Info: \pdf@primitive is available.
Package pdftexcmds Info: \pdf@ifprimitive is available.
Package pdftexcmds Info: \pdfdraftmode found.
\pdftexcmds@toks=\toks24
))
("C:/Users/Martin Kunze/AppData/Local/Programs/MiKTeX/tex/latex/hycolor/hycolor
.sty"
Package: hycolor 2020-01-27 v1.10 Color options for hyperref/bookmark (HO)
)
("C:/Users/Martin Kunze/AppData/Local/Programs/MiKTeX/tex/latex/hyperref/namere
f.sty"
Package: nameref 2026-01-29 v2.58 Cross-referencing by name of section

("C:/Users/Martin Kunze/AppData/Local/Programs/MiKTeX/tex/latex/refcount/refcou
nt.sty"
Package: refcount 2019/12/15 v3.6 Data extraction from label references (HO)
)
("C:/Users/Martin Kunze/AppData/Local/Programs/MiKTeX/tex/generic/gettitlestrin
g/gettitlestring.sty"
Package: gettitlestring 2019/12/15 v1.6 Cleanup title references (HO)

("C:/Users/Martin Kunze/AppData/Local/Programs/MiKTeX/tex/latex/kvoptions/kvopt
ions.sty"
Package: kvoptions 2022-06-15 v3.15 Key value format for package options (HO)
))
\c@section@level=\count302
)
("C:/Users/Martin Kunze/AppData/Local/Programs/MiKTeX/tex/generic/stringenc/str
ingenc.sty"
Package: stringenc 2019/11/29 v1.12 Convert strings between diff. encodings (HO
)
)
\@linkdim=\dimen160
\Hy@linkcounter=\count303
\Hy@pagecounter=\count304

("C:/Users/Martin Kunze/AppData/Local/Programs/MiKTeX/tex/latex/hyperref/pd1enc
.def"
File: pd1enc.def 2026-01-29 v7.01p Hyperref: PDFDocEncoding definition (HO)
)
("C:/Users/Martin Kunze/AppData/Local/Programs/MiKTeX/tex/generic/intcalc/intca
lc.sty"
Package: intcalc 2019/12/15 v1.3 Expandable calculations with integers (HO)
)
\Hy@SavedSpaceFactor=\count305

("C:/Users/Martin Kunze/AppData/Local/Programs/MiKTeX/tex/latex/hyperref/puenc.
def"
File: puenc.def 2026-01-29 v7.01p Hyperref: PDF Unicode definition (HO)
)
Package hyperref Info: Option `pdfusetitle' set `true' on input line 4072.
Package hyperref Info: Hyper figures OFF on input line 4201.
Package hyperref Info: Link nesting OFF on input line 4206.
Package hyperref Info: Hyper index ON on input line 4209.
Package hyperref Info: Plain pages OFF on input line 4216.
Package hyperref Info: Backreferencing OFF on input line 4221.
Package hyperref Info: Implicit mode ON; LaTeX internals redefined.
Package hyperref Info: Bookmarks ON on input line 4468.
\c@Hy@tempcnt=\count306

("C:/Users/Martin Kunze/AppData/Local/Programs/MiKTeX/tex/latex/url/url.sty"
\Urlmuskip=\muskip18
Package: url 2013/09/16  ver 3.4  Verb mode for urls, etc.
)
LaTeX Info: Redefining \url on input line 4807.
\XeTeXLinkMargin=\dimen161

("C:/Users/Martin Kunze/AppData/Local/Programs/MiKTeX/tex/generic/bitset/bitset
.sty"
Package: bitset 2019/12/09 v1.3 Handle bit-vector datatype (HO)

("C:/Users/Martin Kunze/AppData/Local/Programs/MiKTeX/tex/generic/bigintcalc/bi
gintcalc.sty"
Package: bigintcalc 2019/12/15 v1.5 Expandable calculations on big integers (HO
)
))
\Fld@menulength=\count307
\Field@Width=\dimen162
\Fld@charsize=\dimen163
Package hyperref Info: Hyper figures OFF on input line 6084.
Package hyperref Info: Link nesting OFF on input line 6089.
Package hyperref Info: Hyper index ON on input line 6092.
Package hyperref Info: backreferencing OFF on input line 6099.
Package hyperref Info: Link coloring OFF on input line 6104.
Package hyperref Info: Link coloring with OCG OFF on input line 6109.
Package hyperref Info: PDF/A mode OFF on input line 6114.
\Hy@abspage=\count308
\c@Item=\count309
\c@Hfootnote=\count310
)
Package hyperref Info: Driver (autodetected): hluatex.

("C:/Users/Martin Kunze/AppData/Local/Programs/MiKTeX/tex/latex/hyperref/hluate
x.def"
File: hluatex.def 2026-01-29 v7.01p Hyperref driver for luaTeX
\Fld@listcount=\count311
\c@bookmark@seq@number=\count312

("C:/Users/Martin Kunze/AppData/Local/Programs/MiKTeX/tex/latex/rerunfilecheck/
rerunfilecheck.sty"
Package: rerunfilecheck 2025-06-21 v1.11 Rerun checks for auxiliary files (HO)

("C:/Users/Martin Kunze/AppData/Local/Programs/MiKTeX/tex/generic/uniquecounter
/uniquecounter.sty"
Package: uniquecounter 2019/12/15 v1.4 Provide unlimited unique counter (HO)
)
Package uniquecounter Info: New unique counter `rerunfilecheck' on input line 2
84.
)
\Hy@SectionHShift=\skip54
)
("C:/Users/Martin Kunze/AppData/Local/Programs/MiKTeX/tex/latex/subfiles/subfil
es.sty"
Package: subfiles 2020/11/14 v2.2 Multi-file projects (package)
)
("C:/Users/Martin Kunze/AppData/Local/Programs/MiKTeX/tex/latex/l3packages/xpar
se/xparse.sty"
("C:/Users/Martin Kunze/AppData/Local/Programs/MiKTeX/tex/latex/l3kernel/expl3.
sty"
Package: expl3 2026-03-20 L3 programming layer (loader) 

("C:/Users/Martin Kunze/AppData/Local/Programs/MiKTeX/tex/latex/l3backend/l3bac
kend-luatex.def"
File: l3backend-luatex.def 2026-02-18 L3 backend support: PDF output (LuaTeX)
\l__color_backend_stack_int=\count313
Inserting `l3color' in `luaotfload.parse_color'.))
Package: xparse 2025-10-09 L3 Experimental document command parser
)
("C:/Users/Martin Kunze/AppData/Local/Programs/MiKTeX/tex/latex/mathtools/matht
ools.sty"
Package: mathtools 2024/10/04 v1.31 mathematical typesetting tools

("C:/Users/Martin Kunze/AppData/Local/Programs/MiKTeX/tex/latex/tools/calc.sty"
Package: calc 2025/03/01 v4.3b Infix arithmetic (KKT,FJ)
\calc@Acount=\count314
\calc@Bcount=\count315
\calc@Adimen=\dimen164
\calc@Bdimen=\dimen165
\calc@Askip=\skip55
\calc@Bskip=\skip56
LaTeX Info: Redefining \setlength on input line 86.
LaTeX Info: Redefining \addtolength on input line 87.
\calc@Ccount=\count316
\calc@Cskip=\skip57
)
("C:/Users/Martin Kunze/AppData/Local/Programs/MiKTeX/tex/latex/mathtools/mhset
up.sty"
Package: mhsetup 2021/03/18 v1.4 programming setup (MH)
)
\g_MT_multlinerow_int=\count317
\l_MT_multwidth_dim=\dimen166
\origjot=\skip58
\l_MT_shortvdotswithinadjustabove_dim=\dimen167
\l_MT_shortvdotswithinadjustbelow_dim=\dimen168
\l_MT_above_intertext_sep=\dimen169
\l_MT_below_intertext_sep=\dimen170
\l_MT_above_shortintertext_sep=\dimen171
\l_MT_below_shortintertext_sep=\dimen172
\xmathstrut@box=\box55
\xmathstrut@dim=\dimen173
)
("C:/Users/Martin Kunze/AppData/Local/Programs/MiKTeX/tex/latex/booktabs/bookta
bs.sty"
Package: booktabs 2020/01/12 v1.61803398 Publication quality tables
\heavyrulewidth=\dimen174
\lightrulewidth=\dimen175
\cmidrulewidth=\dimen176
\belowrulesep=\dimen177
\belowbottomsep=\dimen178
\aboverulesep=\dimen179
\abovetopsep=\dimen180
\cmidrulesep=\dimen181
\cmidrulekern=\dimen182
\defaultaddspace=\dimen183
\@cmidla=\count318
\@cmidlb=\count319
\@aboverulesep=\dimen184
\@belowrulesep=\dimen185
\@thisruleclass=\count320
\@lastruleclass=\count321
\@thisrulewidth=\dimen186
)
("C:/Users/Martin Kunze/AppData/Local/Programs/MiKTeX/tex/latex/tools/tabularx.
sty"
Package: tabularx 2023/12/11 v2.12a `tabularx' package (DPC)

("C:/Users/Martin Kunze/AppData/Local/Programs/MiKTeX/tex/latex/tools/array.sty
"
Package: array 2025/09/25 v2.6n Tabular extension package (FMi)
\col@sep=\dimen187
\ar@mcellbox=\box56
\extrarowheight=\dimen188
\NC@list=\toks25
\extratabsurround=\skip59
\backup@length=\skip60
\ar@cellbox=\box57
)
\TX@col@width=\dimen189
\TX@old@table=\dimen190
\TX@old@col=\dimen191
\TX@target=\dimen192
\TX@delta=\dimen193
\TX@cols=\count322
\TX@ftn=\toks26
)
("C:/Users/Martin Kunze/AppData/Local/Programs/MiKTeX/tex/latex/makecell/makece
ll.sty"
Package: makecell 2009/08/03 V0.1e Managing of Tab Column Heads and Cells
\rotheadsize=\dimen194
\c@nlinenum=\count323
\TeXr@lab=\toks27
)
("C:/Users/Martin Kunze/AppData/Local/Programs/MiKTeX/tex/latex/amscls/amsthm.s
ty"
Package: amsthm 2020/05/29 v2.20.6
\thm@style=\toks28
\thm@bodyfont=\toks29
\thm@headfont=\toks30
\thm@notefont=\toks31
\thm@headpunct=\toks32
\thm@preskip=\skip61
\thm@postskip=\skip62
\thm@headsep=\skip63
\dth@everypar=\toks33
)
("C:/Users/Martin Kunze/AppData/Local/Programs/MiKTeX/tex/latex/multirow/multir
ow.sty"
Package: multirow 2024/11/12 v2.9 Span multiple rows of a table
\multirow@colwidth=\skip64
\multirow@cntb=\count324
\multirow@dima=\skip65
\bigstrutjot=\dimen195
)
("C:/Users/Martin Kunze/AppData/Local/Programs/MiKTeX/tex/latex/microtype/micro
type.sty"
Package: microtype 2026/03/01 v3.2d Micro-typographical refinements (RS)
\MT@toks=\toks34
\MT@tempbox=\box58
\MT@count=\count325
LaTeX Info: Redefining \noprotrusionifhmode on input line 1084.
LaTeX Info: Redefining \leftprotrusion on input line 1085.
\MT@prot@toks=\toks35
LaTeX Info: Redefining \rightprotrusion on input line 1104.
LaTeX Info: Redefining \textls on input line 1449.
\MT@outer@kern=\dimen196
LaTeX Info: Redefining \microtypecontext on input line 2053.
LaTeX Info: Redefining \textmicrotypecontext on input line 2070.
\MT@listname@count=\count326

("C:/Users/Martin Kunze/AppData/Local/Programs/MiKTeX/tex/latex/microtype/micro
type-luatex.def"
File: microtype-luatex.def 2026/03/01 v3.2d Definitions specific to luatex (RS)

Lua module: microtype 2026/03/01 v3.2d microtype module.
Module microtype Info: overwriting function `keepligature' on input line 63
LaTeX Info: Redefining \lsstyle on input line 779.
LaTeX Info: Redefining \lslig on input line 779.
\MT@outer@space=\skip66
)
Package microtype Info: Loading configuration file microtype.cfg.

("C:/Users/Martin Kunze/AppData/Local/Programs/MiKTeX/tex/latex/microtype/micro
type.cfg"
File: microtype.cfg 2026/03/01 v3.2d microtype main configuration file (RS)
)
LaTeX Info: Redefining \microtypesetup on input line 3065.
) (./tex/impl/thmlookup.tex
("C:/Users/Martin Kunze/AppData/Local/Programs/MiKTeX/tex/lualatex/luacode/luac
ode.sty"
Package: luacode 2012/01/23 v1.2a lua-in-tex helpers (mpg)

("C:/Users/Martin Kunze/AppData/Local/Programs/MiKTeX/tex/generic/iftex/ifluate
x.sty"
Package: ifluatex 2019/10/25 v1.5 ifluatex legacy package. Use iftex instead.
)
("C:/Users/Martin Kunze/AppData/Local/Programs/MiKTeX/tex/luatex/luatexbase/lua
texbase.sty"
Package: luatexbase 2015/10/04 v1.3 luatexbase interface to LuaTeX 

("C:/Users/Martin Kunze/AppData/Local/Programs/MiKTeX/tex/luatex/ctablestack/ct
ablestack.sty"
Package: ctablestack 2015/10/01 v1.0 Catcode table stable support
\@catcodetablestackcnt=\count327
)
\CatcodeTableOther=\catcodetable16
\CatcodeTableExpl=\catcodetable17
)
\luacode@lines=\toks36
\luacode@table@soft=\catcodetable18
)) (./tex/impl/band-dependencies.tex
("C:/Users/Martin Kunze/AppData/Local/Programs/MiKTeX/tex/latex/hyperref/xr-hyp
er.sty"
Package: xr-hyper 2026-01-29 v7.01p eXternal References (DPC)
)) (./tex/impl/formula-envs.tex
("C:/Users/Martin Kunze/AppData/Local/Programs/MiKTeX/tex/latex/tools/longtable
.sty"
Package: longtable 2025-10-13 v4.24 Multi-page Table package (DPC)
\LTleft=\skip67
\LTright=\skip68
\LTpre=\skip69
\LTpost=\skip70
\LTchunksize=\count328
\LTcapwidth=\dimen197
\LT@head=\box59
\LT@firsthead=\box60
\LT@foot=\box61
\LT@lastfoot=\box62
\LT@gbox=\box63
\LT@cols=\count329
\LT@rows=\count330
\c@LT@tables=\count331
\c@LT@chunks=\count332
\LT@p@ftn=\toks37
)
\c@formulaThm=\count333
\c@formulaDef=\count334
\c@formulaAx=\count335
 (./tex/impl/delta-context.tex)) (./tex/impl/proof-tables.tex
\c@proofstepnr=\count336
\c@proofpartnr=\count337
\mxProofWideFormulaMeasureBox=\box64
\mxProofWideReasonMeasureBox=\box65
\mxProofWideCombinedMeasure=\skip71
)
(./tex/impl/commands.tex
File: commands.tex 2026/01/04 Command dispatcher
 (./tex/impl/commands/logic.tex
File: logic.tex 2026/01/04 Logical separators and symbols
)
(./tex/impl/commands/rules.tex
File: rules.tex 2026/01/04 ND rule macros
) (./tex/impl/commands/sets.tex
File: sets.tex 2026/01/04 Set-theoretic notation
)
(./tex/impl/commands/cardinality.tex
File: cardinality.tex 2026/03/25 Cardinality and finiteness notation
) (./tex/impl/commands/relations.tex
File: relations.tex 2026/01/17 Relation-theoretic notation
)
(./tex/impl/commands/algebra.tex
File: algebra.tex 2026/07/26 Algebraic and semilattice notation
) (./tex/impl/commands/functions.tex
File: functions.tex 2026/01/04 Function-theoretic notation
)
(./tex/impl/commands/numbers.tex
File: numbers.tex 2026/08/24 Number-system notation
) (./tex/impl/commands/project.tex
File: project.tex 2026/01/04 Project specific macros
))
\c@file=\count338
))
Package babel-german Info: Using contemporary glottonyms
(babel-german)             `german' denotes post-1996 spelling. on input line 2
2.

("C:/Users/Martin Kunze/AppData/Local/Programs/MiKTeX/tex/generic/babel/locale/
de/babel-german.tex"
Package babel Info: Importing basic data for german
(babel)             from babel-de.ini. Reported on input line 15.
)

Package babel-german Warning: Hyphenation patterns `ngerman-x-latest', requeste
d by german, not available. Falling back to legacy! on input line 22.

Package csquotes Info: Checking for multilingual support...
Package csquotes Info: ... found 'babel' package.
Package csquotes Info: Adjusting default style.
Package csquotes Info: Redefining alias 'default' -> 'german'.
(C:/Latex/Die-Grundlagen-der-Mathematik/tmp/pdfs/b19-fast/B19-isolated.aux
Package babel Info: 'german' activates 'german' shorthands.
(babel)             Reported on input line 8.
)
\openout1 = B19-isolated.aux

LaTeX Font Info:    Checking defaults for OML/cmm/m/it on input line 22.
LaTeX Font Info:    ... okay on input line 22.
LaTeX Font Info:    Checking defaults for OMS/cmsy/m/n on input line 22.
LaTeX Font Info:    ... okay on input line 22.
LaTeX Font Info:    Checking defaults for OT1/cmr/m/n on input line 22.
LaTeX Font Info:    ... okay on input line 22.
LaTeX Font Info:    Checking defaults for T1/cmr/m/n on input line 22.
LaTeX Font Info:    ... okay on input line 22.
LaTeX Font Info:    Checking defaults for TS1/cmr/m/n on input line 22.
LaTeX Font Info:    ... okay on input line 22.
LaTeX Font Info:    Checking defaults for TU/lmr/m/n on input line 22.
LaTeX Font Info:    ... okay on input line 22.
LaTeX Font Info:    Checking defaults for OMX/cmex/m/n on input line 22.
LaTeX Font Info:    ... okay on input line 22.
LaTeX Font Info:    Checking defaults for U/cmr/m/n on input line 22.
LaTeX Font Info:    ... okay on input line 22.
LaTeX Font Info:    Checking defaults for PD1/pdf/m/n on input line 22.
LaTeX Font Info:    ... okay on input line 22.
LaTeX Font Info:    Checking defaults for PU/pdf/m/n on input line 22.
LaTeX Font Info:    ... okay on input line 22.
Package hyperref Info: Link coloring OFF on input line 22.

(C:/Latex/Die-Grundlagen-der-Mathematik/tmp/pdfs/b19-fast/B19-isolated.out)
(C:/Latex/Die-Grundlagen-der-Mathematik/tmp/pdfs/b19-fast/B19-isolated.out)
\@outlinefile=\write3

\openout3 = B19-isolated.out

("C:/Users/Martin Kunze/AppData/Local/Programs/MiKTeX/tex/latex/graphics/graphi
cx.sty"
Package: graphicx 2024/12/31 v1.2e Enhanced LaTeX Graphics (DPC,SPQR)

("C:/Users/Martin Kunze/AppData/Local/Programs/MiKTeX/tex/latex/graphics/graphi
cs.sty"
Package: graphics 2024/08/06 v1.4g Standard LaTeX Graphics (DPC,SPQR)

("C:/Users/Martin Kunze/AppData/Local/Programs/MiKTeX/tex/latex/graphics/trig.s
ty"
Package: trig 2023/12/02 v1.11 sin cos tan (DPC)
)
("C:/Users/Martin Kunze/AppData/Local/Programs/MiKTeX/tex/latex/graphics-cfg/gr
aphics.cfg"
File: graphics.cfg 2016/06/04 v1.11 sample graphics configuration
)
Package graphics Info: Driver file: luatex.def on input line 106.

("C:/Users/Martin Kunze/AppData/Local/Programs/MiKTeX/tex/latex/graphics-def/lu
atex.def"
File: luatex.def 2025/09/29 v1.2f Graphics/color driver for luatex

("C:/Users/Martin Kunze/AppData/Local/Programs/MiKTeX/tex/context/base/mkii/sup
p-pdf.mkii"
[Loading MPS to PDF converter (version 2006.09.02).]
\scratchcounter=\count339
\scratchdimen=\dimen198
\scratchbox=\box66
\nofMPsegments=\count340
\nofMParguments=\count341
\everyMPshowfont=\toks38
\MPscratchCnt=\count342
\MPscratchDim=\dimen199
\MPnumerator=\count343
\makeMPintoPDFobject=\count344
\everyMPtoPDFconversion=\toks39
)))
("C:/Users/Martin Kunze/AppData/Local/Programs/MiKTeX/tex/latex/epstopdf-pkg/ep
stopdf-base.sty"
Package: epstopdf-base 2020-01-24 v2.11 Base part for package epstopdf
Package epstopdf-base Info: Redefining graphics rule for `.eps' on input line 4
85.

("C:/Users/Martin Kunze/AppData/Local/Programs/MiKTeX/tex/latex/00miktex/epstop
df-sys.cfg"
File: epstopdf-sys.cfg 2021/03/18 v2.0 Configuration of epstopdf for MiKTeX
))
\Gin@req@height=\dimen256
\Gin@req@width=\dimen257
)
LaTeX Info: Redefining \microtypecontext on input line 22.
Package microtype Info: Applying patch `item' on input line 22.
Package microtype Info: Applying patch `toc' on input line 22.
Package microtype Info: Applying patch `eqnum' on input line 22.
Package microtype Info: Applying patch `footnote' on input line 22.
Package microtype Info: Applying patch `verbatim' on input line 22.
LaTeX Info: Redefining \microtypesetup on input line 22.
Package microtype Info: Generating PDF output.
Package microtype Info: Character protrusion enabled (level 2).
Package microtype Info: Using default protrusion set `alltext'.
Package microtype Info: Automatic font expansion enabled (level 2),
(microtype)             stretch: 20, shrink: 20, step: 1, non-selected.
Package microtype Info: Using default expansion set `alltext-nott'.
Package microtype Info: Patching command `\showhyphens'.
Package microtype Info: No adjustment of tracking.
Package microtype Info: No adjustment of spacing.
Package microtype Info: No adjustment of kerning.

("C:/Users/Martin Kunze/AppData/Local/Programs/MiKTeX/tex/latex/microtype/mt-La
tinModernRoman.cfg"
File: mt-LatinModernRoman.cfg 2026/02/26 v1.2 microtype config. file: Latin Mod
ern Roman (RS)
)
Package hyperref Info: Option `pageanchor' set `false' on input line 27.

("C:/Users/Martin Kunze/AppData/Local/Programs/MiKTeX/tex/latex/microtype/mt-cm
r.cfg"
File: mt-cmr.cfg 2013/05/19 v2.2 microtype config. file: Computer Modern Roman 
(RS)
)
LaTeX Font Info:    Trying to load font information for U+msa on input line 29.


("C:/Users/Martin Kunze/AppData/Local/Programs/MiKTeX/tex/latex/amsfonts/umsa.f
d"
File: umsa.fd 2013/01/14 v3.01 AMS symbols A
)
("C:/Users/Martin Kunze/AppData/Local/Programs/MiKTeX/tex/latex/microtype/mt-ms
a.cfg"
File: mt-msa.cfg 2006/02/04 v1.1 microtype config. file: AMS symbols (a) (RS)
)
LaTeX Font Info:    Trying to load font information for U+msb on input line 29.


("C:/Users/Martin Kunze/AppData/Local/Programs/MiKTeX/tex/latex/amsfonts/umsb.f
d"
File: umsb.fd 2013/01/14 v3.01 AMS symbols B
)
("C:/Users/Martin Kunze/AppData/Local/Programs/MiKTeX/tex/latex/microtype/mt-ms
b.cfg"
File: mt-msb.cfg 2005/06/01 v1.0 microtype config. file: AMS symbols (b) (RS)
) [1

{C:/Users/Martin Kunze/AppData/Local/MiKTeX/fonts/map/pdftex/pdftex.map}]
Package hyperref Info: Option `pageanchor' set `true' on input line 29.
 (C:/Latex/Die-Grundlagen-der-Mathematik/tmp/pdfs/b19-fast/B19-isolated.toc)
\tf@toc=\write4

\openout4 = B19-isolated.toc
 [1

]
Kapitel 1.
[2

]
Kapitel 2.
[3

]

LaTeX Warning: Hyper reference `rule:A' on page 4 undefined on input line 125.


LaTeX Warning: Hyper reference `rule:IE' on page 4 undefined on input line 131.



LaTeX Warning: Hyper reference `rule:AE2' on page 4 undefined on input line 132
.


LaTeX Warning: Hyper reference `rule:A' on page 4 undefined on input line 136.


LaTeX Warning: Hyper reference `rule:AI' on page 4 undefined on input line 142.



LaTeX Warning: Hyper reference `rule:RI' on page 4 undefined on input line 149.



LaTeX Warning: Hyper reference `rule:RI' on page 4 undefined on input line 151.



LaTeX Warning: Hyper reference `rule:LRI' on page 4 undefined on input line 153
.

[4]

LaTeX Warning: Hyper reference `rule:A' on page 5 undefined on input line 186.


LaTeX Warning: Hyper reference `rule:AI' on page 5 undefined on input line 208.



LaTeX Warning: Hyper reference `rule:A' on page 5 undefined on input line 216.


LaTeX Warning: Hyper reference `rule:AI' on page 5 undefined on input line 228.



LaTeX Warning: Hyper reference `rule:EE' on page 5 undefined on input line 231.


[5]

LaTeX Warning: Hyper reference `rule:A' on page 6 undefined on input line 243.


LaTeX Warning: Hyper reference `rule:A' on page 6 undefined on input line 244.


LaTeX Warning: Hyper reference `rule:A' on page 6 undefined on input line 245.


LaTeX Warning: Hyper reference `rule:A' on page 6 undefined on input line 246.


LaTeX Warning: Hyper reference `rule:A' on page 6 undefined on input line 262.


LaTeX Warning: Hyper reference `rule:A' on page 6 undefined on input line 263.


LaTeX Warning: Hyper reference `rule:A' on page 6 undefined on input line 269.


LaTeX Warning: Hyper reference `rule:EI' on page 6 undefined on input line 273.



LaTeX Warning: Hyper reference `rule:EE' on page 6 undefined on input line 275.



LaTeX Warning: Hyper reference `rule:A' on page 6 undefined on input line 279.


LaTeX Warning: Hyper reference `rule:A' on page 6 undefined on input line 310.


LaTeX Warning: Hyper reference `rule:UI' on page 6 undefined on input line 316.



LaTeX Warning: Hyper reference `rule:RI' on page 6 undefined on input line 316.


[6] [7]
Kapitel 3.

LaTeX Warning: Hyper reference `rule:A' on page 8 undefined on input line 363.


LaTeX Warning: Hyper reference `rule:AI' on page 8 undefined on input line 370.


./Bd. 19 - Reelle Zahlen.tex:371: ignored: Infinite glue shrinkage found in box 
being split [8

]

LaTeX Warning: Hyper reference `rule:A' on page 9 undefined on input line 388.


LaTeX Warning: Hyper reference `rule:A' on page 9 undefined on input line 389.


LaTeX Warning: Hyper reference `rule:A' on page 9 undefined on input line 390.


LaTeX Warning: Hyper reference `rule:A' on page 9 undefined on input line 399.


LaTeX Warning: Hyper reference `rule:BI' on page 9 undefined on input line 402.



LaTeX Warning: Hyper reference `rule:A' on page 9 undefined on input line 403.


LaTeX Warning: Hyper reference `rule:IE' on page 9 undefined on input line 404.



LaTeX Warning: Hyper reference `rule:BI' on page 9 undefined on input line 405.



LaTeX Warning: Hyper reference `rule:A' on page 9 undefined on input line 406.


LaTeX Warning: Hyper reference `rule:BI' on page 9 undefined on input line 409.



LaTeX Warning: Hyper reference `rule:OE' on page 9 undefined on input line 410.



LaTeX Warning: Hyper reference `rule:A' on page 9 undefined on input line 414.


LaTeX Warning: Hyper reference `rule:A' on page 9 undefined on input line 415.


LaTeX Warning: Hyper reference `rule:A' on page 9 undefined on input line 422.


LaTeX Warning: Hyper reference `rule:A' on page 9 undefined on input line 423.


LaTeX Warning: Hyper reference `rule:EE' on page 9 undefined on input line 426.



LaTeX Warning: Hyper reference `rule:EE' on page 9 undefined on input line 427.



LaTeX Warning: Hyper reference `rule:CI' on page 9 undefined on input line 428.


./Bd. 19 - Reelle Zahlen.tex:429: ignored: Infinite glue shrinkage found in box 
being split [9]
Package microtype Info: Loading generic protrusion settings for font family
(microtype)             `cmss' (encoding: OT1).
(microtype)             For optimal results, create family-specific settings.
(microtype)             See the microtype manual for details.


LaTeX Warning: Hyper reference `rule:A' on page 10 undefined on input line 444.



LaTeX Warning: Hyper reference `rule:UI' on page 10 undefined on input line 450
.


LaTeX Warning: Hyper reference `rule:RI' on page 10 undefined on input line 450
.


LaTeX Warning: Hyper reference `rule:A' on page 10 undefined on input line 451.



LaTeX Warning: Hyper reference `rule:A' on page 10 undefined on input line 452.



LaTeX Warning: Hyper reference `rule:UI' on page 10 undefined on input line 462
.


LaTeX Warning: Hyper reference `rule:RI' on page 10 undefined on input line 462
.


LaTeX Warning: Hyper reference `rule:RI' on page 10 undefined on input line 462
.


LaTeX Warning: Hyper reference `rule:A' on page 10 undefined on input line 463.



LaTeX Warning: Hyper reference `rule:A' on page 10 undefined on input line 464.



LaTeX Warning: Hyper reference `rule:UI' on page 10 undefined on input line 472
.


LaTeX Warning: Hyper reference `rule:RI' on page 10 undefined on input line 472
.


LaTeX Warning: Hyper reference `rule:RI' on page 10 undefined on input line 472
.


LaTeX Warning: Hyper reference `rule:A' on page 10 undefined on input line 480.



LaTeX Warning: Hyper reference `rule:UI' on page 10 undefined on input line 487
.


LaTeX Warning: Hyper reference `rule:RI' on page 10 undefined on input line 487
.

[10]

LaTeX Warning: Hyper reference `rule:A' on page 11 undefined on input line 511.



LaTeX Warning: Hyper reference `rule:A' on page 11 undefined on input line 512.



LaTeX Warning: Hyper reference `rule:A' on page 11 undefined on input line 513.



LaTeX Warning: Hyper reference `rule:UI' on page 11 undefined on input line 522
.


LaTeX Warning: Hyper reference `rule:RI' on page 11 undefined on input line 522
.


LaTeX Warning: Hyper reference `rule:A' on page 11 undefined on input line 532.



LaTeX Warning: Hyper reference `rule:A' on page 11 undefined on input line 533.



LaTeX Warning: Hyper reference `rule:A' on page 11 undefined on input line 534.



LaTeX Warning: Hyper reference `rule:A' on page 11 undefined on input line 538.



LaTeX Warning: Hyper reference `rule:BI' on page 11 undefined on input line 545
.


LaTeX Warning: Hyper reference `rule:EE' on page 11 undefined on input line 546
.


LaTeX Warning: Hyper reference `rule:CI' on page 11 undefined on input line 547
.

./Bd. 19 - Reelle Zahlen.tex:550: ignored: Infinite glue shrinkage found in box 
being split [11]

LaTeX Warning: Hyper reference `rule:A' on page 12 undefined on input line 559.



LaTeX Warning: Hyper reference `rule:A' on page 12 undefined on input line 560.



LaTeX Warning: Hyper reference `rule:A' on page 12 undefined on input line 568.



LaTeX Warning: Hyper reference `rule:EE' on page 12 undefined on input line 578
.


LaTeX Warning: Hyper reference `rule:A' on page 12 undefined on input line 588.



LaTeX Warning: Hyper reference `rule:A' on page 12 undefined on input line 589.



LaTeX Warning: Hyper reference `rule:A' on page 12 undefined on input line 595.



LaTeX Warning: Hyper reference `rule:IE' on page 12 undefined on input line 596
.


LaTeX Warning: Hyper reference `rule:BI' on page 12 undefined on input line 597
.


LaTeX Warning: Hyper reference `rule:CI' on page 12 undefined on input line 598
.


LaTeX Warning: Hyper reference `rule:A' on page 12 undefined on input line 604.



LaTeX Warning: Hyper reference `rule:LRI' on page 12 undefined on input line 60
8.


LaTeX Warning: Hyper reference `rule:LRI' on page 12 undefined on input line 61
2.


LaTeX Warning: Hyper reference `rule:AI' on page 12 undefined on input line 627
.

./Bd. 19 - Reelle Zahlen.tex:628: ignored: Infinite glue shrinkage found in box 
being split [12]

LaTeX Warning: Hyper reference `rule:A' on page 13 undefined on input line 642.



LaTeX Warning: Hyper reference `rule:A' on page 13 undefined on input line 643.


[13]

LaTeX Warning: Hyper reference `rule:A' on page 14 undefined on input line 697.



LaTeX Warning: Hyper reference `rule:A' on page 14 undefined on input line 698.



LaTeX Warning: Hyper reference `rule:A' on page 14 undefined on input line 699.



LaTeX Warning: Hyper reference `rule:A' on page 14 undefined on input line 702.



LaTeX Warning: Hyper reference `rule:A' on page 14 undefined on input line 709.



LaTeX Warning: Hyper reference `rule:EE' on page 14 undefined on input line 715
.


LaTeX Warning: Hyper reference `rule:EE' on page 14 undefined on input line 717
.


LaTeX Warning: Hyper reference `rule:A' on page 14 undefined on input line 718.



LaTeX Warning: Hyper reference `rule:A' on page 14 undefined on input line 721.



LaTeX Warning: Hyper reference `rule:EE' on page 14 undefined on input line 728
.


LaTeX Warning: Hyper reference `rule:UI' on page 14 undefined on input line 731
.


LaTeX Warning: Hyper reference `rule:RI' on page 14 undefined on input line 731
.


LaTeX Warning: Hyper reference `rule:A' on page 14 undefined on input line 732.



LaTeX Warning: Hyper reference `rule:A' on page 14 undefined on input line 735.



LaTeX Warning: Hyper reference `rule:UE' on page 14 undefined on input line 736
.


LaTeX Warning: Hyper reference `rule:EE' on page 14 undefined on input line 741
.


LaTeX Warning: Hyper reference `rule:UI' on page 14 undefined on input line 744
.


LaTeX Warning: Hyper reference `rule:RI' on page 14 undefined on input line 744
.


LaTeX Warning: Hyper reference `rule:A' on page 14 undefined on input line 749.



LaTeX Warning: Hyper reference `rule:IE' on page 14 undefined on input line 750
.


LaTeX Warning: Hyper reference `rule:BI' on page 14 undefined on input line 755
.


LaTeX Warning: Hyper reference `rule:CI' on page 14 undefined on input line 757
.


LaTeX Warning: Hyper reference `rule:AI' on page 14 undefined on input line 762
.


LaTeX Warning: Hyper reference `rule:AI' on page 14 undefined on input line 762
.

./Bd. 19 - Reelle Zahlen.tex:763: ignored: Infinite glue shrinkage found in box 
being split [14]

LaTeX Warning: Hyper reference `rule:A' on page 15 undefined on input line 775.



LaTeX Warning: Hyper reference `rule:A' on page 15 undefined on input line 776.



LaTeX Warning: Hyper reference `rule:A' on page 15 undefined on input line 777.



LaTeX Warning: Hyper reference `rule:A' on page 15 undefined on input line 778.



LaTeX Warning: Hyper reference `rule:A' on page 15 undefined on input line 781.



LaTeX Warning: Hyper reference `rule:EE' on page 15 undefined on input line 791
.


LaTeX Warning: Hyper reference `rule:A' on page 15 undefined on input line 801.



LaTeX Warning: Hyper reference `rule:A' on page 15 undefined on input line 802.



LaTeX Warning: Hyper reference `rule:A' on page 15 undefined on input line 805.



LaTeX Warning: Hyper reference `rule:A' on page 15 undefined on input line 812.



LaTeX Warning: Hyper reference `rule:EI' on page 15 undefined on input line 816
.


LaTeX Warning: Hyper reference `rule:EE' on page 15 undefined on input line 818
.


LaTeX Warning: Hyper reference `rule:EE' on page 15 undefined on input line 820
.

./Bd. 19 - Reelle Zahlen.tex:821: ignored: Infinite glue shrinkage found in box 
being split [15]

LaTeX Warning: Hyper reference `rule:A' on page 16 undefined on input line 824.



LaTeX Warning: Hyper reference `rule:A' on page 16 undefined on input line 825.



LaTeX Warning: Hyper reference `rule:A' on page 16 undefined on input line 826.



LaTeX Warning: Hyper reference `rule:A' on page 16 undefined on input line 875.



LaTeX Warning: Hyper reference `rule:A' on page 16 undefined on input line 876.



LaTeX Warning: Hyper reference `rule:A' on page 16 undefined on input line 877.



LaTeX Warning: Hyper reference `rule:IE' on page 16 undefined on input line 882
.


LaTeX Warning: Hyper reference `rule:UI' on page 16 undefined on input line 886
.


LaTeX Warning: Hyper reference `rule:RI' on page 16 undefined on input line 886
.

./Bd. 19 - Reelle Zahlen.tex:887: ignored: Infinite glue shrinkage found in box 
being split [16]

LaTeX Warning: Hyper reference `rule:A' on page 17 undefined on input line 900.



LaTeX Warning: Hyper reference `rule:A' on page 17 undefined on input line 901.



LaTeX Warning: Hyper reference `rule:A' on page 17 undefined on input line 902.



LaTeX Warning: Hyper reference `rule:A' on page 17 undefined on input line 903.



LaTeX Warning: Hyper reference `rule:A' on page 17 undefined on input line 906.



LaTeX Warning: Hyper reference `rule:UE' on page 17 undefined on input line 909
.


LaTeX Warning: Hyper reference `rule:EE' on page 17 undefined on input line 914
.


LaTeX Warning: Hyper reference `rule:UI' on page 17 undefined on input line 917
.


LaTeX Warning: Hyper reference `rule:RI' on page 17 undefined on input line 917
.


LaTeX Warning: Hyper reference `rule:A' on page 17 undefined on input line 923.



LaTeX Warning: Hyper reference `rule:A' on page 17 undefined on input line 925.



LaTeX Warning: Hyper reference `rule:A' on page 17 undefined on input line 927.



LaTeX Warning: Hyper reference `rule:EI' on page 17 undefined on input line 945
.


LaTeX Warning: Hyper reference `rule:AI' on page 17 undefined on input line 945
.


LaTeX Warning: Hyper reference `rule:EE' on page 17 undefined on input line 951
.

[17]

LaTeX Warning: Hyper reference `rule:A' on page 18 undefined on input line 972.



LaTeX Warning: Hyper reference `rule:A' on page 18 undefined on input line 973.



LaTeX Warning: Hyper reference `rule:A' on page 18 undefined on input line 974.



LaTeX Warning: Hyper reference `rule:A' on page 18 undefined on input line 1039
.


LaTeX Warning: Hyper reference `rule:A' on page 18 undefined on input line 1040
.


LaTeX Warning: Hyper reference `rule:A' on page 18 undefined on input line 1041
.


LaTeX Warning: Hyper reference `rule:A' on page 18 undefined on input line 1053
.


LaTeX Warning: Hyper reference `rule:A' on page 18 undefined on input line 1056
.


LaTeX Warning: Hyper reference `rule:UI' on page 18 undefined on input line 106
1.


LaTeX Warning: Hyper reference `rule:RI' on page 18 undefined on input line 106
1.


LaTeX Warning: Hyper reference `rule:EI' on page 18 undefined on input line 106
5.


LaTeX Warning: Hyper reference `rule:EE' on page 18 undefined on input line 106
9.


LaTeX Warning: Hyper reference `rule:AI' on page 18 undefined on input line 107
5.


LaTeX Warning: Hyper reference `rule:AI' on page 18 undefined on input line 107
5.

./Bd. 19 - Reelle Zahlen.tex:1076: ignored: Infinite glue shrinkage found in box
 being split [18]

LaTeX Warning: Hyper reference `rule:A' on page 19 undefined on input line 1079
.


LaTeX Warning: Hyper reference `rule:A' on page 19 undefined on input line 1081
.


LaTeX Warning: Hyper reference `rule:A' on page 19 undefined on input line 1083
.


LaTeX Warning: Hyper reference `rule:A' on page 19 undefined on input line 1110
.


LaTeX Warning: Hyper reference `rule:A' on page 19 undefined on input line 1111
.


LaTeX Warning: Hyper reference `rule:UE' on page 19 undefined on input line 111
7.


LaTeX Warning: Hyper reference `rule:UI' on page 19 undefined on input line 111
9.


LaTeX Warning: Hyper reference `rule:RI' on page 19 undefined on input line 111
9.


LaTeX Warning: Hyper reference `rule:A' on page 19 undefined on input line 1120
.


LaTeX Warning: Hyper reference `rule:A' on page 19 undefined on input line 1121
.


LaTeX Warning: Hyper reference `rule:UE' on page 19 undefined on input line 112
5.


LaTeX Warning: Hyper reference `rule:UI' on page 19 undefined on input line 112
9.


LaTeX Warning: Hyper reference `rule:RI' on page 19 undefined on input line 112
9.


LaTeX Warning: Hyper reference `rule:RI' on page 19 undefined on input line 112
9.


LaTeX Warning: Hyper reference `rule:EI' on page 19 undefined on input line 113
8.


LaTeX Warning: Hyper reference `rule:AI' on page 19 undefined on input line 113
8.


LaTeX Warning: Hyper reference `rule:EE' on page 19 undefined on input line 114
7.


LaTeX Warning: Hyper reference `rule:EE' on page 19 undefined on input line 115
6.

./Bd. 19 - Reelle Zahlen.tex:1157: ignored: Infinite glue shrinkage found in box
 being split [19]

LaTeX Warning: Hyper reference `rule:A' on page 20 undefined on input line 1199
.


LaTeX Warning: Hyper reference `rule:A' on page 20 undefined on input line 1201
.


LaTeX Warning: Hyper reference `rule:A' on page 20 undefined on input line 1212
.


LaTeX Warning: Hyper reference `rule:A' on page 20 undefined on input line 1216
.


LaTeX Warning: Hyper reference `rule:UE' on page 20 undefined on input line 122
0.


LaTeX Warning: Hyper reference `rule:UI' on page 20 undefined on input line 122
3.


LaTeX Warning: Hyper reference `rule:RI' on page 20 undefined on input line 122
3.


LaTeX Warning: Hyper reference `rule:EI' on page 20 undefined on input line 122
7.


LaTeX Warning: Hyper reference `rule:EE' on page 20 undefined on input line 123
1.

./Bd. 19 - Reelle Zahlen.tex:1232: ignored: Infinite glue shrinkage found in box
 being split [20]

LaTeX Warning: Hyper reference `rule:A' on page 21 undefined on input line 1235
.


LaTeX Warning: Hyper reference `rule:A' on page 21 undefined on input line 1237
.


LaTeX Warning: Hyper reference `rule:AI' on page 21 undefined on input line 126
3.


LaTeX Warning: Hyper reference `rule:AI' on page 21 undefined on input line 126
3.

[21]
Kapitel 4.
[22

]

LaTeX Warning: Hyper reference `rule:A' on page 23 undefined on input line 1318
.


LaTeX Warning: Hyper reference `rule:A' on page 23 undefined on input line 1323
.


LaTeX Warning: Hyper reference `rule:EE' on page 23 undefined on input line 133
3.


LaTeX Warning: Hyper reference `rule:A' on page 23 undefined on input line 1340
.


LaTeX Warning: Hyper reference `rule:A' on page 23 undefined on input line 1351
.


LaTeX Warning: Hyper reference `rule:A' on page 23 undefined on input line 1352
.


LaTeX Warning: Hyper reference `rule:A' on page 23 undefined on input line 1356
.


LaTeX Warning: Hyper reference `rule:EE' on page 23 undefined on input line 136
2.


LaTeX Warning: Hyper reference `rule:UI' on page 23 undefined on input line 136
6.


LaTeX Warning: Hyper reference `rule:RI' on page 23 undefined on input line 136
6.


LaTeX Warning: Hyper reference `rule:RI' on page 23 undefined on input line 136
6.


LaTeX Warning: Hyper reference `rule:A' on page 23 undefined on input line 1367
.


LaTeX Warning: Hyper reference `rule:A' on page 23 undefined on input line 1371
.


LaTeX Warning: Hyper reference `rule:A' on page 23 undefined on input line 1375
.


LaTeX Warning: Hyper reference `rule:EI' on page 23 undefined on input line 137
9.


LaTeX Warning: Hyper reference `rule:EE' on page 23 undefined on input line 138
1.


LaTeX Warning: Hyper reference `rule:EE' on page 23 undefined on input line 138
3.


LaTeX Warning: Hyper reference `rule:UI' on page 23 undefined on input line 138
6.


LaTeX Warning: Hyper reference `rule:RI' on page 23 undefined on input line 138
6.

./Bd. 19 - Reelle Zahlen.tex:1391: ignored: Infinite glue shrinkage found in box
 being split [23]

LaTeX Warning: Hyper reference `rule:A' on page 24 undefined on input line 1398
.


LaTeX Warning: Hyper reference `rule:A' on page 24 undefined on input line 1403
.


LaTeX Warning: Hyper reference `rule:EE' on page 24 undefined on input line 141
0.


LaTeX Warning: Hyper reference `rule:A' on page 24 undefined on input line 1413
.


LaTeX Warning: Hyper reference `rule:EE' on page 24 undefined on input line 141
9.


LaTeX Warning: Hyper reference `rule:A' on page 24 undefined on input line 1420
.


LaTeX Warning: Hyper reference `rule:A' on page 24 undefined on input line 1421
.


LaTeX Warning: Hyper reference `rule:A' on page 24 undefined on input line 1425
.


LaTeX Warning: Hyper reference `rule:EE' on page 24 undefined on input line 143
0.


LaTeX Warning: Hyper reference `rule:UI' on page 24 undefined on input line 143
4.


LaTeX Warning: Hyper reference `rule:RI' on page 24 undefined on input line 143
4.


LaTeX Warning: Hyper reference `rule:RI' on page 24 undefined on input line 143
4.


LaTeX Warning: Hyper reference `rule:A' on page 24 undefined on input line 1435
.


LaTeX Warning: Hyper reference `rule:A' on page 24 undefined on input line 1439
.


LaTeX Warning: Hyper reference `rule:A' on page 24 undefined on input line 1443
.


LaTeX Warning: Hyper reference `rule:EI' on page 24 undefined on input line 144
6.


LaTeX Warning: Hyper reference `rule:EE' on page 24 undefined on input line 144
7.


LaTeX Warning: Hyper reference `rule:EE' on page 24 undefined on input line 144
8.


LaTeX Warning: Hyper reference `rule:UI' on page 24 undefined on input line 145
1.


LaTeX Warning: Hyper reference `rule:RI' on page 24 undefined on input line 145
1.

./Bd. 19 - Reelle Zahlen.tex:1456: ignored: Infinite glue shrinkage found in box
 being split [24]

LaTeX Warning: Hyper reference `rule:A' on page 25 undefined on input line 1459
.


LaTeX Warning: Hyper reference `rule:AI' on page 25 undefined on input line 147
6.


LaTeX Warning: Hyper reference `rule:AI' on page 25 undefined on input line 147
6.


LaTeX Warning: Hyper reference `rule:A' on page 25 undefined on input line 1503
.


LaTeX Warning: Hyper reference `rule:A' on page 25 undefined on input line 1504
.


LaTeX Warning: Hyper reference `rule:A' on page 25 undefined on input line 1505
.


LaTeX Warning: Hyper reference `rule:A' on page 25 undefined on input line 1506
.


LaTeX Warning: Hyper reference `rule:A' on page 25 undefined on input line 1507
.


LaTeX Warning: Hyper reference `rule:A' on page 25 undefined on input line 1523
.


LaTeX Warning: Hyper reference `rule:EI' on page 25 undefined on input line 153
0.


LaTeX Warning: Hyper reference `rule:EE' on page 25 undefined on input line 153
4.

./Bd. 19 - Reelle Zahlen.tex:1535: ignored: Infinite glue shrinkage found in box
 being split [25]

LaTeX Warning: Hyper reference `rule:A' on page 26 undefined on input line 1557
.


LaTeX Warning: Hyper reference `rule:A' on page 26 undefined on input line 1558
.


LaTeX Warning: Hyper reference `rule:A' on page 26 undefined on input line 1559
.


LaTeX Warning: Hyper reference `rule:A' on page 26 undefined on input line 1560
.


LaTeX Warning: Hyper reference `rule:A' on page 26 undefined on input line 1561
.


LaTeX Warning: Hyper reference `rule:II' on page 26 undefined on input line 156
8.


LaTeX Warning: Hyper reference `rule:A' on page 26 undefined on input line 1575
.


LaTeX Warning: Hyper reference `rule:AE1' on page 26 undefined on input line 15
87.


LaTeX Warning: Hyper reference `rule:EI' on page 26 undefined on input line 159
6.


LaTeX Warning: Hyper reference `rule:AI' on page 26 undefined on input line 159
6.


LaTeX Warning: Hyper reference `rule:EE' on page 26 undefined on input line 160
3.

./Bd. 19 - Reelle Zahlen.tex:1604: ignored: Infinite glue shrinkage found in box
 being split [26]

LaTeX Warning: Hyper reference `rule:A' on page 27 undefined on input line 1607
.


LaTeX Warning: Hyper reference `rule:A' on page 27 undefined on input line 1608
.


LaTeX Warning: Hyper reference `rule:A' on page 27 undefined on input line 1609
.


LaTeX Warning: Hyper reference `rule:A' on page 27 undefined on input line 1616
.


LaTeX Warning: Hyper reference `rule:A' on page 27 undefined on input line 1617
.


LaTeX Warning: Hyper reference `rule:A' on page 27 undefined on input line 1628
.


LaTeX Warning: Hyper reference `rule:IE' on page 27 undefined on input line 163
8.


LaTeX Warning: Hyper reference `rule:IE' on page 27 undefined on input line 164
1.


LaTeX Warning: Hyper reference `rule:EI' on page 27 undefined on input line 165
1.


LaTeX Warning: Hyper reference `rule:EI' on page 27 undefined on input line 165
1.


LaTeX Warning: Hyper reference `rule:AI' on page 27 undefined on input line 165
1.


LaTeX Warning: Hyper reference `rule:AI' on page 27 undefined on input line 165
1.


LaTeX Warning: Hyper reference `rule:EE' on page 27 undefined on input line 165
5.


LaTeX Warning: Hyper reference `rule:EE' on page 27 undefined on input line 165
9.


LaTeX Warning: Hyper reference `rule:EE' on page 27 undefined on input line 166
3.

[27]

LaTeX Warning: Hyper reference `rule:A' on page 28 undefined on input line 1687
.


LaTeX Warning: Hyper reference `rule:A' on page 28 undefined on input line 1691
.


LaTeX Warning: Hyper reference `rule:UI' on page 28 undefined on input line 170
6.


LaTeX Warning: Hyper reference `rule:RI' on page 28 undefined on input line 170
6.


LaTeX Warning: Hyper reference `rule:A' on page 28 undefined on input line 1707
.


LaTeX Warning: Hyper reference `rule:UI' on page 28 undefined on input line 171
9.


LaTeX Warning: Hyper reference `rule:RI' on page 28 undefined on input line 171
9.


LaTeX Warning: Hyper reference `rule:A' on page 28 undefined on input line 1730
.


LaTeX Warning: Hyper reference `rule:A' on page 28 undefined on input line 1731
.


LaTeX Warning: Hyper reference `rule:UI' on page 28 undefined on input line 174
2.


LaTeX Warning: Hyper reference `rule:RI' on page 28 undefined on input line 174
2.


LaTeX Warning: Hyper reference `rule:IE' on page 28 undefined on input line 174
4.


LaTeX Warning: Hyper reference `rule:A' on page 28 undefined on input line 1754
.


LaTeX Warning: Hyper reference `rule:A' on page 28 undefined on input line 1755
.


LaTeX Warning: Hyper reference `rule:UI' on page 28 undefined on input line 176
7.


LaTeX Warning: Hyper reference `rule:RI' on page 28 undefined on input line 176
7.


LaTeX Warning: Hyper reference `rule:A' on page 28 undefined on input line 1768
.


LaTeX Warning: Hyper reference `rule:A' on page 28 undefined on input line 1772
.


LaTeX Warning: Hyper reference `rule:A' on page 28 undefined on input line 1778
.


LaTeX Warning: Hyper reference `rule:EE' on page 28 undefined on input line 178
6.


LaTeX Warning: Hyper reference `rule:EE' on page 28 undefined on input line 178
7.


LaTeX Warning: Hyper reference `rule:UI' on page 28 undefined on input line 179
0.


LaTeX Warning: Hyper reference `rule:RI' on page 28 undefined on input line 179
0.

[28]

LaTeX Warning: Hyper reference `rule:A' on page 29 undefined on input line 1800
.


LaTeX Warning: Hyper reference `rule:A' on page 29 undefined on input line 1801
.


LaTeX Warning: Hyper reference `rule:UI' on page 29 undefined on input line 181
6.


LaTeX Warning: Hyper reference `rule:RI' on page 29 undefined on input line 181
6.


LaTeX Warning: Hyper reference `rule:A' on page 29 undefined on input line 1817
.


LaTeX Warning: Hyper reference `rule:A' on page 29 undefined on input line 1824
.


LaTeX Warning: Hyper reference `rule:A' on page 29 undefined on input line 1830
.


LaTeX Warning: Hyper reference `rule:A' on page 29 undefined on input line 1836
.


LaTeX Warning: Hyper reference `rule:EE' on page 29 undefined on input line 184
3.


LaTeX Warning: Hyper reference `rule:EE' on page 29 undefined on input line 184
4.


LaTeX Warning: Hyper reference `rule:EE' on page 29 undefined on input line 184
5.


LaTeX Warning: Hyper reference `rule:UI' on page 29 undefined on input line 184
8.


LaTeX Warning: Hyper reference `rule:RI' on page 29 undefined on input line 184
8.

./Bd. 19 - Reelle Zahlen.tex:1851: ignored: Infinite glue shrinkage found in box
 being split [29]

LaTeX Warning: Hyper reference `rule:A' on page 30 undefined on input line 1854
.


LaTeX Warning: Hyper reference `rule:AI' on page 30 undefined on input line 186
8.


LaTeX Warning: Hyper reference `rule:AI' on page 30 undefined on input line 186
8.


LaTeX Warning: Hyper reference `rule:AI' on page 30 undefined on input line 186
8.


LaTeX Warning: Hyper reference `rule:A' on page 30 undefined on input line 1895
.


LaTeX Warning: Hyper reference `rule:A' on page 30 undefined on input line 1896
.


LaTeX Warning: Hyper reference `rule:IE' on page 30 undefined on input line 190
9.


LaTeX Warning: Hyper reference `rule:Chain' on page 30 undefined on input line 
1913.

[30]

LaTeX Warning: Hyper reference `rule:A' on page 31 undefined on input line 1923
.


LaTeX Warning: Hyper reference `rule:AI' on page 31 undefined on input line 194
4.


LaTeX Warning: Hyper reference `rule:A' on page 31 undefined on input line 1954
.


LaTeX Warning: Hyper reference `rule:A' on page 31 undefined on input line 1955
.


LaTeX Warning: Hyper reference `rule:A' on page 31 undefined on input line 1956
.


LaTeX Warning: Hyper reference `rule:A' on page 31 undefined on input line 1960
.


LaTeX Warning: Hyper reference `rule:EE' on page 31 undefined on input line 196
7.


LaTeX Warning: Hyper reference `rule:UI' on page 31 undefined on input line 197
0.


LaTeX Warning: Hyper reference `rule:RI' on page 31 undefined on input line 197
0.


LaTeX Warning: Hyper reference `rule:A' on page 31 undefined on input line 1974
.


LaTeX Warning: Hyper reference `rule:A' on page 31 undefined on input line 1975
.


LaTeX Warning: Hyper reference `rule:A' on page 31 undefined on input line 1978
.


LaTeX Warning: Hyper reference `rule:LRI' on page 31 undefined on input line 19
84.


LaTeX Warning: Hyper reference `rule:A' on page 31 undefined on input line 1988
.


LaTeX Warning: Hyper reference `rule:A' on page 31 undefined on input line 1993
.


LaTeX Warning: Hyper reference `rule:BI' on page 31 undefined on input line 199
6.


LaTeX Warning: Hyper reference `rule:CI' on page 31 undefined on input line 199
7.


LaTeX Warning: Hyper reference `rule:A' on page 31 undefined on input line 2000
.


LaTeX Warning: Hyper reference `rule:LRE2' on page 31 undefined on input line 2
003.


LaTeX Warning: Hyper reference `rule:A' on page 31 undefined on input line 2004
.


LaTeX Warning: Hyper reference `rule:IE' on page 31 undefined on input line 200
5.


LaTeX Warning: Hyper reference `rule:CI' on page 31 undefined on input line 200
8.


LaTeX Warning: Hyper reference `rule:LRI' on page 31 undefined on input line 20
12.


LaTeX Warning: Hyper reference `rule:AI' on page 31 undefined on input line 202
7.


LaTeX Warning: Hyper reference `rule:AI' on page 31 undefined on input line 202
7.


LaTeX Warning: Hyper reference `rule:AI' on page 31 undefined on input line 202
7.

[31] [32] [33]

LaTeX Warning: Hyper reference `rule:A' on page 34 undefined on input line 2146
.


LaTeX Warning: Hyper reference `rule:A' on page 34 undefined on input line 2147
.


LaTeX Warning: Hyper reference `rule:A' on page 34 undefined on input line 2148
.


LaTeX Warning: Hyper reference `rule:A' on page 34 undefined on input line 2149
.


LaTeX Warning: Hyper reference `rule:A' on page 34 undefined on input line 2154
.


LaTeX Warning: Hyper reference `rule:BI' on page 34 undefined on input line 215
7.


LaTeX Warning: Hyper reference `rule:CI' on page 34 undefined on input line 215
8.

./Bd. 19 - Reelle Zahlen.tex:2165: ignored: Infinite glue shrinkage found in box
 being split [34]

LaTeX Warning: Hyper reference `rule:A' on page 35 undefined on input line 2174
.


LaTeX Warning: Hyper reference `rule:A' on page 35 undefined on input line 2175
.


LaTeX Warning: Hyper reference `rule:AE1' on page 35 undefined on input line 21
85.


LaTeX Warning: Hyper reference `rule:AE2' on page 35 undefined on input line 21
85.


LaTeX Warning: Hyper reference `rule:A' on page 35 undefined on input line 2186
.


LaTeX Warning: Hyper reference `rule:AE1' on page 35 undefined on input line 21
91.


LaTeX Warning: Hyper reference `rule:AE2' on page 35 undefined on input line 21
94.


LaTeX Warning: Hyper reference `rule:AE1' on page 35 undefined on input line 21
99.


LaTeX Warning: Hyper reference `rule:A' on page 35 undefined on input line 2200
.


LaTeX Warning: Hyper reference `rule:AE1' on page 35 undefined on input line 22
02.


LaTeX Warning: Hyper reference `rule:AE2' on page 35 undefined on input line 22
04.


LaTeX Warning: Hyper reference `rule:EI' on page 35 undefined on input line 220
6.


LaTeX Warning: Hyper reference `rule:AI' on page 35 undefined on input line 220
6.


LaTeX Warning: Hyper reference `rule:AE1' on page 35 undefined on input line 22
06.


LaTeX Warning: Hyper reference `rule:EE' on page 35 undefined on input line 220
8.


LaTeX Warning: Hyper reference `rule:EE' on page 35 undefined on input line 221
0.


LaTeX Warning: Hyper reference `rule:A' on page 35 undefined on input line 2234
.


LaTeX Warning: Hyper reference `rule:A' on page 35 undefined on input line 2235
.


LaTeX Warning: Hyper reference `rule:A' on page 35 undefined on input line 2236
.


LaTeX Warning: Hyper reference `rule:A' on page 35 undefined on input line 2237
.


LaTeX Warning: Hyper reference `rule:A' on page 35 undefined on input line 2238
.


LaTeX Warning: Hyper reference `rule:A' on page 35 undefined on input line 2239
.


LaTeX Warning: Hyper reference `rule:A' on page 35 undefined on input line 2240
.


LaTeX Warning: Hyper reference `rule:A' on page 35 undefined on input line 2241
.


LaTeX Warning: Hyper reference `rule:AE1' on page 35 undefined on input line 22
46.


LaTeX Warning: Hyper reference `rule:A' on page 35 undefined on input line 2247
.


LaTeX Warning: Hyper reference `rule:A' on page 35 undefined on input line 2253
.


LaTeX Warning: Hyper reference `rule:A' on page 35 undefined on input line 2261
.


LaTeX Warning: Hyper reference `rule:A' on page 35 undefined on input line 2264
.


LaTeX Warning: Hyper reference `rule:AE1' on page 35 undefined on input line 22
67.


LaTeX Warning: Hyper reference `rule:AE2' on page 35 undefined on input line 22
70.


LaTeX Warning: Hyper reference `rule:AE1' on page 35 undefined on input line 22
73.


LaTeX Warning: Hyper reference `rule:AE1' on page 35 undefined on input line 22
73.


LaTeX Warning: Hyper reference `rule:AE2' on page 35 undefined on input line 22
76.


LaTeX Warning: Hyper reference `rule:AE2' on page 35 undefined on input line 22
76.


LaTeX Warning: Hyper reference `rule:AE2' on page 35 undefined on input line 22
80.


LaTeX Warning: Hyper reference `rule:AE1' on page 35 undefined on input line 22
80.


LaTeX Warning: Hyper reference `rule:EE' on page 35 undefined on input line 228
9.


LaTeX Warning: Hyper reference `rule:OE' on page 35 undefined on input line 229
1.


LaTeX Warning: Hyper reference `rule:CI' on page 35 undefined on input line 229
3.


LaTeX Warning: Hyper reference `rule:AI' on page 35 undefined on input line 229
6.

[35] [36]

LaTeX Warning: Hyper reference `rule:A' on page 37 undefined on input line 2308
.


LaTeX Warning: Hyper reference `rule:A' on page 37 undefined on input line 2309
.


LaTeX Warning: Hyper reference `rule:A' on page 37 undefined on input line 2310
.


LaTeX Warning: Hyper reference `rule:A' on page 37 undefined on input line 2323
.


LaTeX Warning: Hyper reference `rule:EE' on page 37 undefined on input line 232
9.


LaTeX Warning: Hyper reference `rule:A' on page 37 undefined on input line 2335
.


LaTeX Warning: Hyper reference `rule:IE' on page 37 undefined on input line 234
1.


LaTeX Warning: Hyper reference `rule:AE2' on page 37 undefined on input line 23
41.


LaTeX Warning: Hyper reference `rule:A' on page 37 undefined on input line 2342
.


LaTeX Warning: Hyper reference `rule:IE' on page 37 undefined on input line 234
8.


LaTeX Warning: Hyper reference `rule:AE2' on page 37 undefined on input line 23
48.


LaTeX Warning: Hyper reference `rule:A' on page 37 undefined on input line 2350
.


LaTeX Warning: Hyper reference `rule:AE1' on page 37 undefined on input line 23
53.


LaTeX Warning: Hyper reference `rule:AE1' on page 37 undefined on input line 23
53.


LaTeX Warning: Hyper reference `rule:A' on page 37 undefined on input line 2355
.


LaTeX Warning: Hyper reference `rule:AE1' on page 37 undefined on input line 23
58.


LaTeX Warning: Hyper reference `rule:AE1' on page 37 undefined on input line 23
62.


LaTeX Warning: Hyper reference `rule:AE2' on page 37 undefined on input line 23
62.


LaTeX Warning: Hyper reference `rule:A' on page 37 undefined on input line 2364
.


LaTeX Warning: Hyper reference `rule:AE1' on page 37 undefined on input line 23
71.


LaTeX Warning: Hyper reference `rule:AE1' on page 37 undefined on input line 23
71.


LaTeX Warning: Hyper reference `rule:AE1' on page 37 undefined on input line 23
71.


LaTeX Warning: Hyper reference `rule:AE2' on page 37 undefined on input line 23
71.


LaTeX Warning: Hyper reference `rule:AE2' on page 37 undefined on input line 23
76.


LaTeX Warning: Hyper reference `rule:AE2' on page 37 undefined on input line 23
76.


LaTeX Warning: Hyper reference `rule:A' on page 37 undefined on input line 2378
.


LaTeX Warning: Hyper reference `rule:AE2' on page 37 undefined on input line 23
81.


LaTeX Warning: Hyper reference `rule:AE1' on page 37 undefined on input line 23
85.


LaTeX Warning: Hyper reference `rule:AE2' on page 37 undefined on input line 23
85.


LaTeX Warning: Hyper reference `rule:A' on page 37 undefined on input line 2387
.


LaTeX Warning: Hyper reference `rule:AE2' on page 37 undefined on input line 23
94.


LaTeX Warning: Hyper reference `rule:AE1' on page 37 undefined on input line 23
94.


LaTeX Warning: Hyper reference `rule:AE1' on page 37 undefined on input line 23
94.


LaTeX Warning: Hyper reference `rule:AE2' on page 37 undefined on input line 23
94.


LaTeX Warning: Hyper reference `rule:AE1' on page 37 undefined on input line 24
05.


LaTeX Warning: Hyper reference `rule:AE2' on page 37 undefined on input line 24
05.


LaTeX Warning: Hyper reference `rule:EE' on page 37 undefined on input line 241
0.


LaTeX Warning: Hyper reference `rule:EE' on page 37 undefined on input line 241
2.


LaTeX Warning: Hyper reference `rule:EE' on page 37 undefined on input line 241
4.


LaTeX Warning: Hyper reference `rule:EE' on page 37 undefined on input line 241
6.


LaTeX Warning: Hyper reference `rule:OE' on page 37 undefined on input line 241
8.


LaTeX Warning: Hyper reference `rule:A' on page 37 undefined on input line 2420
.


LaTeX Warning: Hyper reference `rule:A' on page 37 undefined on input line 2421
.


LaTeX Warning: Hyper reference `rule:A' on page 37 undefined on input line 2427
.


LaTeX Warning: Hyper reference `rule:A' on page 37 undefined on input line 2437
.


LaTeX Warning: Hyper reference `rule:A' on page 37 undefined on input line 2439
.


LaTeX Warning: Hyper reference `rule:EE' on page 37 undefined on input line 244
5.


LaTeX Warning: Hyper reference `rule:OE' on page 37 undefined on input line 244
7.


LaTeX Warning: Hyper reference `rule:UI' on page 37 undefined on input line 245
1.


LaTeX Warning: Hyper reference `rule:RI' on page 37 undefined on input line 245
1.


LaTeX Warning: Hyper reference `rule:RI' on page 37 undefined on input line 245
1.


LaTeX Warning: Hyper reference `rule:A' on page 37 undefined on input line 2453
.


LaTeX Warning: Hyper reference `rule:A' on page 37 undefined on input line 2459
.


LaTeX Warning: Hyper reference `rule:A' on page 37 undefined on input line 2466
.


LaTeX Warning: Hyper reference `rule:EI' on page 37 undefined on input line 247
1.


LaTeX Warning: Hyper reference `rule:AI' on page 37 undefined on input line 247
1.


LaTeX Warning: Hyper reference `rule:AE2' on page 37 undefined on input line 24
71.


LaTeX Warning: Hyper reference `rule:EE' on page 37 undefined on input line 247
3.


LaTeX Warning: Hyper reference `rule:A' on page 37 undefined on input line 2476
.


LaTeX Warning: Hyper reference `rule:A' on page 37 undefined on input line 2478
.


LaTeX Warning: Hyper reference `rule:AI' on page 37 undefined on input line 248
6.


LaTeX Warning: Hyper reference `rule:AE1' on page 37 undefined on input line 24
86.


LaTeX Warning: Hyper reference `rule:AE2' on page 37 undefined on input line 24
86.


LaTeX Warning: Hyper reference `rule:A' on page 37 undefined on input line 2493
.


LaTeX Warning: Hyper reference `rule:EI' on page 37 undefined on input line 249
8.


LaTeX Warning: Hyper reference `rule:AI' on page 37 undefined on input line 249
8.


LaTeX Warning: Hyper reference `rule:AE1' on page 37 undefined on input line 24
98.


LaTeX Warning: Hyper reference `rule:AE2' on page 37 undefined on input line 24
98.


LaTeX Warning: Hyper reference `rule:EE' on page 37 undefined on input line 250
0.


LaTeX Warning: Hyper reference `rule:EE' on page 37 undefined on input line 250
2.


LaTeX Warning: Hyper reference `rule:OE' on page 37 undefined on input line 250
5.


LaTeX Warning: Hyper reference `rule:UI' on page 37 undefined on input line 250
9.


LaTeX Warning: Hyper reference `rule:RI' on page 37 undefined on input line 250
9.

./Bd. 19 - Reelle Zahlen.tex:2515: ignored: Infinite glue shrinkage found in box
 being split [37]
./Bd. 19 - Reelle Zahlen.tex:2515: ignored: Infinite glue shrinkage found in box
 being split [38] [39]

LaTeX Warning: Hyper reference `rule:A' on page 40 undefined on input line 2524
.


LaTeX Warning: Hyper reference `rule:A' on page 40 undefined on input line 2525
.


LaTeX Warning: Hyper reference `rule:A' on page 40 undefined on input line 2538
.


LaTeX Warning: Hyper reference `rule:EE' on page 40 undefined on input line 254
4.


LaTeX Warning: Hyper reference `rule:A' on page 40 undefined on input line 2548
.


LaTeX Warning: Hyper reference `rule:AE2' on page 40 undefined on input line 25
56.


LaTeX Warning: Hyper reference `rule:AI' on page 40 undefined on input line 256
1.


LaTeX Warning: Hyper reference `rule:AE2' on page 40 undefined on input line 25
61.


LaTeX Warning: Hyper reference `rule:A' on page 40 undefined on input line 2562
.


LaTeX Warning: Hyper reference `rule:A' on page 40 undefined on input line 2568
.


LaTeX Warning: Hyper reference `rule:A' on page 40 undefined on input line 2576
.


LaTeX Warning: Hyper reference `rule:A' on page 40 undefined on input line 2579
.


LaTeX Warning: Hyper reference `rule:AE2' on page 40 undefined on input line 25
82.


LaTeX Warning: Hyper reference `rule:BI' on page 40 undefined on input line 258
7.


LaTeX Warning: Hyper reference `rule:AE1' on page 40 undefined on input line 25
87.


LaTeX Warning: Hyper reference `rule:AE2' on page 40 undefined on input line 25
87.


LaTeX Warning: Hyper reference `rule:AE2' on page 40 undefined on input line 25
87.


LaTeX Warning: Hyper reference `rule:EE' on page 40 undefined on input line 258
8.


LaTeX Warning: Hyper reference `rule:OE' on page 40 undefined on input line 259
0.


LaTeX Warning: Hyper reference `rule:CI' on page 40 undefined on input line 259
2.


LaTeX Warning: Hyper reference `rule:AE1' on page 40 undefined on input line 25
95.


LaTeX Warning: Hyper reference `rule:EE' on page 40 undefined on input line 259
9.


LaTeX Warning: Hyper reference `rule:A' on page 40 undefined on input line 2601
.


LaTeX Warning: Hyper reference `rule:A' on page 40 undefined on input line 2602
.


LaTeX Warning: Hyper reference `rule:A' on page 40 undefined on input line 2608
.


LaTeX Warning: Hyper reference `rule:A' on page 40 undefined on input line 2618
.


LaTeX Warning: Hyper reference `rule:A' on page 40 undefined on input line 2620
.


LaTeX Warning: Hyper reference `rule:EE' on page 40 undefined on input line 262
6.


LaTeX Warning: Hyper reference `rule:OE' on page 40 undefined on input line 262
8.


LaTeX Warning: Hyper reference `rule:UI' on page 40 undefined on input line 263
2.


LaTeX Warning: Hyper reference `rule:RI' on page 40 undefined on input line 263
2.


LaTeX Warning: Hyper reference `rule:RI' on page 40 undefined on input line 263
2.


LaTeX Warning: Hyper reference `rule:A' on page 40 undefined on input line 2634
.


LaTeX Warning: Hyper reference `rule:A' on page 40 undefined on input line 2640
.


LaTeX Warning: Hyper reference `rule:A' on page 40 undefined on input line 2647
.


LaTeX Warning: Hyper reference `rule:EI' on page 40 undefined on input line 265
1.


LaTeX Warning: Hyper reference `rule:AI' on page 40 undefined on input line 265
1.


LaTeX Warning: Hyper reference `rule:AE2' on page 40 undefined on input line 26
51.


LaTeX Warning: Hyper reference `rule:EE' on page 40 undefined on input line 265
3.


LaTeX Warning: Hyper reference `rule:A' on page 40 undefined on input line 2656
.


LaTeX Warning: Hyper reference `rule:A' on page 40 undefined on input line 2658
.


LaTeX Warning: Hyper reference `rule:A' on page 40 undefined on input line 2670
.


LaTeX Warning: Hyper reference `rule:EI' on page 40 undefined on input line 267
5.


LaTeX Warning: Hyper reference `rule:AI' on page 40 undefined on input line 267
5.


LaTeX Warning: Hyper reference `rule:AE1' on page 40 undefined on input line 26
75.


LaTeX Warning: Hyper reference `rule:AE2' on page 40 undefined on input line 26
75.


LaTeX Warning: Hyper reference `rule:EE' on page 40 undefined on input line 267
7.


LaTeX Warning: Hyper reference `rule:EE' on page 40 undefined on input line 267
9.


LaTeX Warning: Hyper reference `rule:OE' on page 40 undefined on input line 268
1.


LaTeX Warning: Hyper reference `rule:UI' on page 40 undefined on input line 268
4.


LaTeX Warning: Hyper reference `rule:RI' on page 40 undefined on input line 268
4.

./Bd. 19 - Reelle Zahlen.tex:2690: ignored: Infinite glue shrinkage found in box
 being split [40]
./Bd. 19 - Reelle Zahlen.tex:2690: ignored: Infinite glue shrinkage found in box
 being split [41]

LaTeX Warning: Hyper reference `rule:A' on page 42 undefined on input line 2693
.


LaTeX Warning: Hyper reference `rule:A' on page 42 undefined on input line 2694
.


LaTeX Warning: Hyper reference `rule:A' on page 42 undefined on input line 2719
.


LaTeX Warning: Hyper reference `rule:A' on page 42 undefined on input line 2723
.


LaTeX Warning: Hyper reference `rule:AI' on page 42 undefined on input line 273
4.


LaTeX Warning: Hyper reference `rule:AI' on page 42 undefined on input line 273
4.


LaTeX Warning: Hyper reference `rule:IE' on page 42 undefined on input line 273
5.


LaTeX Warning: Hyper reference `rule:IE' on page 42 undefined on input line 273
6.

./Bd. 19 - Reelle Zahlen.tex:2737: ignored: Infinite glue shrinkage found in box
 being split [42]

LaTeX Warning: Hyper reference `rule:A' on page 43 undefined on input line 2765
.


LaTeX Warning: Hyper reference `rule:A' on page 43 undefined on input line 2766
.


LaTeX Warning: Hyper reference `rule:A' on page 43 undefined on input line 2767
.


LaTeX Warning: Hyper reference `rule:A' on page 43 undefined on input line 2777
.


LaTeX Warning: Hyper reference `rule:EI' on page 43 undefined on input line 278
3.


LaTeX Warning: Hyper reference `rule:AI' on page 43 undefined on input line 278
3.


LaTeX Warning: Hyper reference `rule:EE' on page 43 undefined on input line 278
7.


LaTeX Warning: Hyper reference `rule:A' on page 43 undefined on input line 2791
.


LaTeX Warning: Hyper reference `rule:A' on page 43 undefined on input line 2792
.


LaTeX Warning: Hyper reference `rule:A' on page 43 undefined on input line 2793
.


LaTeX Warning: Hyper reference `rule:A' on page 43 undefined on input line 2794
.


LaTeX Warning: Hyper reference `rule:A' on page 43 undefined on input line 2797
.


LaTeX Warning: Hyper reference `rule:A' on page 43 undefined on input line 2801
.


LaTeX Warning: Hyper reference `rule:A' on page 43 undefined on input line 2807
.


LaTeX Warning: Hyper reference `rule:Chain' on page 43 undefined on input line 
2828.


LaTeX Warning: Hyper reference `rule:EI' on page 43 undefined on input line 283
4.


LaTeX Warning: Hyper reference `rule:EI' on page 43 undefined on input line 283
4.


LaTeX Warning: Hyper reference `rule:AI' on page 43 undefined on input line 283
4.


LaTeX Warning: Hyper reference `rule:AI' on page 43 undefined on input line 283
4.


LaTeX Warning: Hyper reference `rule:EE' on page 43 undefined on input line 283
8.


LaTeX Warning: Hyper reference `rule:EE' on page 43 undefined on input line 284
2.


LaTeX Warning: Hyper reference `rule:EE' on page 43 undefined on input line 284
6.


LaTeX Warning: Hyper reference `rule:EE' on page 43 undefined on input line 285
0.

./Bd. 19 - Reelle Zahlen.tex:2851: ignored: Infinite glue shrinkage found in box
 being split [43] [44]

LaTeX Warning: Hyper reference `rule:A' on page 45 undefined on input line 2883
.


LaTeX Warning: Hyper reference `rule:A' on page 45 undefined on input line 2885
.


LaTeX Warning: Hyper reference `rule:A' on page 45 undefined on input line 2889
.


LaTeX Warning: Hyper reference `rule:UI' on page 45 undefined on input line 290
9.


LaTeX Warning: Hyper reference `rule:RI' on page 45 undefined on input line 290
9.


LaTeX Warning: Hyper reference `rule:A' on page 45 undefined on input line 2914
.


LaTeX Warning: Hyper reference `rule:AE1' on page 45 undefined on input line 29
28.


LaTeX Warning: Hyper reference `rule:AE2' on page 45 undefined on input line 29
37.


LaTeX Warning: Hyper reference `rule:A' on page 45 undefined on input line 2950
.


LaTeX Warning: Hyper reference `rule:AE1' on page 45 undefined on input line 29
54.


LaTeX Warning: Hyper reference `rule:A' on page 45 undefined on input line 2955
.


LaTeX Warning: Hyper reference `rule:AE2' on page 45 undefined on input line 29
65.


LaTeX Warning: Hyper reference `rule:A' on page 45 undefined on input line 2967
.


LaTeX Warning: Hyper reference `rule:AE2' on page 45 undefined on input line 29
70.


LaTeX Warning: Hyper reference `rule:AE1' on page 45 undefined on input line 29
70.


LaTeX Warning: Hyper reference `rule:AE1' on page 45 undefined on input line 29
72.


LaTeX Warning: Hyper reference `rule:AE2' on page 45 undefined on input line 29
72.


LaTeX Warning: Hyper reference `rule:AE2' on page 45 undefined on input line 29
72.


LaTeX Warning: Hyper reference `rule:RI' on page 45 undefined on input line 297
5.


LaTeX Warning: Hyper reference `rule:EE' on page 45 undefined on input line 297
5.


LaTeX Warning: Hyper reference `rule:EE' on page 45 undefined on input line 297
5.


LaTeX Warning: Hyper reference `rule:OE' on page 45 undefined on input line 298
2.


LaTeX Warning: Hyper reference `rule:BI' on page 45 undefined on input line 298
6.


LaTeX Warning: Hyper reference `rule:RI' on page 45 undefined on input line 298
6.


LaTeX Warning: Hyper reference `rule:AI' on page 45 undefined on input line 299
0.

./Bd. 19 - Reelle Zahlen.tex:2991: ignored: Infinite glue shrinkage found in box
 being split [45]

LaTeX Warning: Hyper reference `rule:A' on page 46 undefined on input line 3006
.


LaTeX Warning: Hyper reference `rule:A' on page 46 undefined on input line 3008
.


LaTeX Warning: Hyper reference `rule:A' on page 46 undefined on input line 3013
.


LaTeX Warning: Hyper reference `rule:RI' on page 46 undefined on input line 302
9.


LaTeX Warning: Hyper reference `rule:A' on page 46 undefined on input line 3030
.


LaTeX Warning: Hyper reference `rule:A' on page 46 undefined on input line 3037
.


LaTeX Warning: Hyper reference `rule:RI' on page 46 undefined on input line 304
5.


LaTeX Warning: Hyper reference `rule:EE' on page 46 undefined on input line 304
5.


LaTeX Warning: Hyper reference `rule:BI' on page 46 undefined on input line 304
8.

[46]

LaTeX Warning: Hyper reference `rule:A' on page 47 undefined on input line 3068
.


LaTeX Warning: Hyper reference `rule:A' on page 47 undefined on input line 3070
.


LaTeX Warning: Hyper reference `rule:AE1' on page 47 undefined on input line 31
76.


LaTeX Warning: Hyper reference `rule:AE1' on page 47 undefined on input line 31
87.


LaTeX Warning: Hyper reference `rule:AI' on page 47 undefined on input line 319
8.


LaTeX Warning: Hyper reference `rule:AI' on page 47 undefined on input line 319
8.

./Bd. 19 - Reelle Zahlen.tex:3199: ignored: Infinite glue shrinkage found in box
 being split [47]

LaTeX Warning: Hyper reference `rule:A' on page 48 undefined on input line 3216
.


LaTeX Warning: Hyper reference `rule:A' on page 48 undefined on input line 3218
.

./Bd. 19 - Reelle Zahlen.tex:3347: ignored: Infinite glue shrinkage found in box
 being split [48]

LaTeX Warning: Hyper reference `rule:A' on page 49 undefined on input line 3360
.


LaTeX Warning: Hyper reference `rule:OE' on page 49 undefined on input line 343
1.


LaTeX Warning: Hyper reference `rule:IE' on page 49 undefined on input line 343
8.


LaTeX Warning: Hyper reference `rule:AI' on page 49 undefined on input line 344
7.


LaTeX Warning: Hyper reference `rule:AE1' on page 49 undefined on input line 34
47.


LaTeX Warning: Hyper reference `rule:AI' on page 49 undefined on input line 344
7.

./Bd. 19 - Reelle Zahlen.tex:3448: ignored: Infinite glue shrinkage found in box
 being split [49]

LaTeX Warning: Hyper reference `rule:A' on page 50 undefined on input line 3457
.


LaTeX Warning: Hyper reference `rule:A' on page 50 undefined on input line 3458
.


LaTeX Warning: Hyper reference `rule:A' on page 50 undefined on input line 3459
.


LaTeX Warning: Hyper reference `rule:UI' on page 50 undefined on input line 346
6.


LaTeX Warning: Hyper reference `rule:RI' on page 50 undefined on input line 346
6.


LaTeX Warning: Hyper reference `rule:A' on page 50 undefined on input line 3467
.


LaTeX Warning: Hyper reference `rule:A' on page 50 undefined on input line 3474
.


LaTeX Warning: Hyper reference `rule:A' on page 50 undefined on input line 3478
.


LaTeX Warning: Hyper reference `rule:A' on page 50 undefined on input line 3489
.


LaTeX Warning: Hyper reference `rule:A' on page 50 undefined on input line 3495
.


LaTeX Warning: Hyper reference `rule:A' on page 50 undefined on input line 3503
.


LaTeX Warning: Hyper reference `rule:OE' on page 50 undefined on input line 351
5.


LaTeX Warning: Hyper reference `rule:UI' on page 50 undefined on input line 351
8.


LaTeX Warning: Hyper reference `rule:RI' on page 50 undefined on input line 351
8.

./Bd. 19 - Reelle Zahlen.tex:3521: ignored: Infinite glue shrinkage found in box
 being split [50]

LaTeX Warning: Hyper reference `rule:A' on page 51 undefined on input line 3536
.


LaTeX Warning: Hyper reference `rule:OE' on page 51 undefined on input line 364
4.


LaTeX Warning: Hyper reference `rule:A' on page 51 undefined on input line 3670
.


LaTeX Warning: Hyper reference `rule:A' on page 51 undefined on input line 3674
.


LaTeX Warning: Hyper reference `rule:A' on page 51 undefined on input line 3682
.


LaTeX Warning: Hyper reference `rule:OE' on page 51 undefined on input line 369
4.


LaTeX Warning: Hyper reference `rule:RI' on page 51 undefined on input line 369
7.


LaTeX Warning: Hyper reference `rule:AI' on page 51 undefined on input line 370
5.


LaTeX Warning: Hyper reference `rule:AI' on page 51 undefined on input line 370
5.


LaTeX Warning: Hyper reference `rule:AI' on page 51 undefined on input line 370
5.

./Bd. 19 - Reelle Zahlen.tex:3706: ignored: Infinite glue shrinkage found in box
 being split [51]
./Bd. 19 - Reelle Zahlen.tex:3706: ignored: Infinite glue shrinkage found in box
 being split [52]

LaTeX Warning: Hyper reference `rule:A' on page 53 undefined on input line 3715
.


LaTeX Warning: Hyper reference `rule:A' on page 53 undefined on input line 3716
.


LaTeX Warning: Hyper reference `rule:A' on page 53 undefined on input line 3721
.


LaTeX Warning: Hyper reference `rule:IE' on page 53 undefined on input line 372
3.


LaTeX Warning: Hyper reference `rule:UI' on page 53 undefined on input line 373
5.


LaTeX Warning: Hyper reference `rule:RI' on page 53 undefined on input line 373
5.


LaTeX Warning: Hyper reference `rule:A' on page 53 undefined on input line 3752
.


LaTeX Warning: Hyper reference `rule:OE' on page 53 undefined on input line 383
1.


LaTeX Warning: Hyper reference `rule:OE' on page 53 undefined on input line 384
2.


LaTeX Warning: Hyper reference `rule:OE' on page 53 undefined on input line 385
8.

./Bd. 19 - Reelle Zahlen.tex:3859: ignored: Infinite glue shrinkage found in box
 being split [53]

LaTeX Warning: Hyper reference `rule:A' on page 54 undefined on input line 3862
.


LaTeX Warning: Hyper reference `rule:AI' on page 54 undefined on input line 388
4.

[54]

LaTeX Warning: Hyper reference `rule:A' on page 55 undefined on input line 3909
.


LaTeX Warning: Hyper reference `rule:A' on page 55 undefined on input line 3910
.


LaTeX Warning: Hyper reference `rule:A' on page 55 undefined on input line 3913
.


LaTeX Warning: Hyper reference `rule:UI' on page 55 undefined on input line 392
4.


LaTeX Warning: Hyper reference `rule:RI' on page 55 undefined on input line 392
4.


LaTeX Warning: Hyper reference `rule:A' on page 55 undefined on input line 3937
.


LaTeX Warning: Hyper reference `rule:A' on page 55 undefined on input line 3938
.


LaTeX Warning: Hyper reference `rule:A' on page 55 undefined on input line 3939
.


LaTeX Warning: Hyper reference `rule:IE' on page 55 undefined on input line 394
4.


LaTeX Warning: Hyper reference `rule:A' on page 55 undefined on input line 3951
.


LaTeX Warning: Hyper reference `rule:AI' on page 55 undefined on input line 396
2.

[55]

LaTeX Warning: Hyper reference `rule:A' on page 56 undefined on input line 3991
.


LaTeX Warning: Hyper reference `rule:A' on page 56 undefined on input line 3992
.


LaTeX Warning: Hyper reference `rule:UI' on page 56 undefined on input line 400
5.


LaTeX Warning: Hyper reference `rule:RI' on page 56 undefined on input line 400
5.


LaTeX Warning: Hyper reference `rule:A' on page 56 undefined on input line 4006
.


LaTeX Warning: Hyper reference `rule:UI' on page 56 undefined on input line 401
9.


LaTeX Warning: Hyper reference `rule:RI' on page 56 undefined on input line 401
9.


LaTeX Warning: Hyper reference `rule:A' on page 56 undefined on input line 4036
.


LaTeX Warning: Hyper reference `rule:OE' on page 56 undefined on input line 410
6.


LaTeX Warning: Hyper reference `rule:AI' on page 56 undefined on input line 410
9.

./Bd. 19 - Reelle Zahlen.tex:4110: ignored: Infinite glue shrinkage found in box
 being split [56]

LaTeX Warning: Hyper reference `rule:A' on page 57 undefined on input line 4119
.


LaTeX Warning: Hyper reference `rule:A' on page 57 undefined on input line 4120
.


LaTeX Warning: Hyper reference `rule:A' on page 57 undefined on input line 4137
.


LaTeX Warning: Hyper reference `rule:A' on page 57 undefined on input line 4146
.


LaTeX Warning: Hyper reference `rule:RI' on page 57 undefined on input line 415
1.


LaTeX Warning: Hyper reference `rule:AI' on page 57 undefined on input line 416
0.


LaTeX Warning: Hyper reference `rule:AI' on page 57 undefined on input line 416
0.

./Bd. 19 - Reelle Zahlen.tex:4161: ignored: Infinite glue shrinkage found in box
 being split [57] [58]
Kapitel 5.
[59

]

LaTeX Warning: Hyper reference `rule:A' on page 60 undefined on input line 4223
.


LaTeX Warning: Hyper reference `rule:A' on page 60 undefined on input line 4226
.


LaTeX Warning: Hyper reference `rule:A' on page 60 undefined on input line 4229
.


LaTeX Warning: Hyper reference `rule:OE' on page 60 undefined on input line 423
5.


LaTeX Warning: Hyper reference `rule:A' on page 60 undefined on input line 4236
.


LaTeX Warning: Hyper reference `rule:A' on page 60 undefined on input line 4240
.


LaTeX Warning: Hyper reference `rule:LRI' on page 60 undefined on input line 42
45.


LaTeX Warning: Hyper reference `rule:RI' on page 60 undefined on input line 424
5.


LaTeX Warning: Hyper reference `rule:RI' on page 60 undefined on input line 424
5.


LaTeX Warning: Hyper reference `rule:AI' on page 60 undefined on input line 424
8.


LaTeX Warning: Hyper reference `rule:A' on page 60 undefined on input line 4260
.


LaTeX Warning: Hyper reference `rule:AI' on page 60 undefined on input line 427
6.


LaTeX Warning: Hyper reference `rule:A' on page 60 undefined on input line 4286
.

./Bd. 19 - Reelle Zahlen.tex:4302: ignored: Infinite glue shrinkage found in box
 being split [60]

LaTeX Warning: Hyper reference `rule:A' on page 61 undefined on input line 4305
.


LaTeX Warning: Hyper reference `rule:AI' on page 61 undefined on input line 432
5.


LaTeX Warning: Hyper reference `rule:AI' on page 61 undefined on input line 432
5.


LaTeX Warning: Hyper reference `rule:A' on page 61 undefined on input line 4357
.


LaTeX Warning: Hyper reference `rule:Chain' on page 61 undefined on input line 
4370.


LaTeX Warning: Hyper reference `rule:AI' on page 61 undefined on input line 438
3.


LaTeX Warning: Hyper reference `rule:AI' on page 61 undefined on input line 438
3.

./Bd. 19 - Reelle Zahlen.tex:4384: ignored: Infinite glue shrinkage found in box
 being split [61]

LaTeX Warning: Hyper reference `rule:A' on page 62 undefined on input line 4393
.


LaTeX Warning: Hyper reference `rule:A' on page 62 undefined on input line 4408
.


LaTeX Warning: Hyper reference `rule:AI' on page 62 undefined on input line 442
5.

[62]

LaTeX Warning: Hyper reference `rule:A' on page 63 undefined on input line 4502
.


LaTeX Warning: Hyper reference `rule:A' on page 63 undefined on input line 4503
.


LaTeX Warning: Hyper reference `rule:Chain' on page 63 undefined on input line 
4544.


LaTeX Warning: Hyper reference `rule:UI' on page 63 undefined on input line 455
2.

[63]
Kapitel 6.

LaTeX Warning: Hyper reference `rule:A' on page 64 undefined on input line 4595
.


LaTeX Warning: Hyper reference `rule:A' on page 64 undefined on input line 4600
.


LaTeX Warning: Hyper reference `rule:A' on page 64 undefined on input line 4606
.


LaTeX Warning: Hyper reference `rule:EI' on page 64 undefined on input line 462
2.


LaTeX Warning: Hyper reference `rule:EE' on page 64 undefined on input line 462
5.


LaTeX Warning: Hyper reference `rule:EE' on page 64 undefined on input line 462
8.


LaTeX Warning: Hyper reference `rule:UI' on page 64 undefined on input line 463
1.


LaTeX Warning: Hyper reference `rule:RI' on page 64 undefined on input line 463
1.

./Bd. 19 - Reelle Zahlen.tex:4632: ignored: Infinite glue shrinkage found in box
 being split [64

]

LaTeX Warning: Hyper reference `rule:A' on page 65 undefined on input line 4655
.


LaTeX Warning: Hyper reference `rule:A' on page 65 undefined on input line 4665
.


LaTeX Warning: Hyper reference `rule:EI' on page 65 undefined on input line 467
4.


LaTeX Warning: Hyper reference `rule:EI' on page 65 undefined on input line 467
4.


LaTeX Warning: Hyper reference `rule:AI' on page 65 undefined on input line 467
4.


LaTeX Warning: Hyper reference `rule:EE' on page 65 undefined on input line 467
8.


LaTeX Warning: Hyper reference `rule:A' on page 65 undefined on input line 4682
.


LaTeX Warning: Hyper reference `rule:A' on page 65 undefined on input line 4690
.


LaTeX Warning: Hyper reference `rule:II' on page 65 undefined on input line 469
3.


LaTeX Warning: Hyper reference `rule:A' on page 65 undefined on input line 4699
.


LaTeX Warning: Hyper reference `rule:EI' on page 65 undefined on input line 471
8.


LaTeX Warning: Hyper reference `rule:AI' on page 65 undefined on input line 471
8.


LaTeX Warning: Hyper reference `rule:EE' on page 65 undefined on input line 472
2.


LaTeX Warning: Hyper reference `rule:EE' on page 65 undefined on input line 472
6.


LaTeX Warning: Hyper reference `rule:UI' on page 65 undefined on input line 473
0.


LaTeX Warning: Hyper reference `rule:RI' on page 65 undefined on input line 473
0.

./Bd. 19 - Reelle Zahlen.tex:4731: ignored: Infinite glue shrinkage found in box
 being split [65]

LaTeX Warning: Hyper reference `rule:A' on page 66 undefined on input line 4745
.


LaTeX Warning: Hyper reference `rule:A' on page 66 undefined on input line 4746
.


LaTeX Warning: Hyper reference `rule:A' on page 66 undefined on input line 4751
.


LaTeX Warning: Hyper reference `rule:A' on page 66 undefined on input line 4755
.


LaTeX Warning: Hyper reference `rule:EI' on page 66 undefined on input line 477
6.


LaTeX Warning: Hyper reference `rule:EE' on page 66 undefined on input line 477
9.


LaTeX Warning: Hyper reference `rule:EE' on page 66 undefined on input line 478
2.

./Bd. 19 - Reelle Zahlen.tex:4783: ignored: Infinite glue shrinkage found in box
 being split [66]

LaTeX Warning: Hyper reference `rule:A' on page 67 undefined on input line 4801
.


LaTeX Warning: Hyper reference `rule:A' on page 67 undefined on input line 4802
.


LaTeX Warning: Hyper reference `rule:A' on page 67 undefined on input line 4812
.


LaTeX Warning: Hyper reference `rule:AE1' on page 67 undefined on input line 48
23.


LaTeX Warning: Hyper reference `rule:AE1' on page 67 undefined on input line 48
23.


LaTeX Warning: Hyper reference `rule:AE2' on page 67 undefined on input line 48
23.


LaTeX Warning: Hyper reference `rule:A' on page 67 undefined on input line 4829
.


LaTeX Warning: Hyper reference `rule:AE1' on page 67 undefined on input line 48
54.


LaTeX Warning: Hyper reference `rule:AE2' on page 67 undefined on input line 48
67.


LaTeX Warning: Hyper reference `rule:AE2' on page 67 undefined on input line 48
67.


LaTeX Warning: Hyper reference `rule:EI' on page 67 undefined on input line 487
2.


LaTeX Warning: Hyper reference `rule:EE' on page 67 undefined on input line 487
7.


LaTeX Warning: Hyper reference `rule:EE' on page 67 undefined on input line 488
2.

./Bd. 19 - Reelle Zahlen.tex:4883: ignored: Infinite glue shrinkage found in box
 being split [67] [68]
Kapitel 7.
[69

]
./Bd. 19 - Reelle Zahlen.tex:4996: ignored: Infinite glue shrinkage found in box
 being split [70]

LaTeX Warning: Hyper reference `rule:AE1' on page 71 undefined on input line 50
10.


LaTeX Warning: Hyper reference `rule:A' on page 71 undefined on input line 5013
.


LaTeX Warning: Hyper reference `rule:A' on page 71 undefined on input line 5014
.


LaTeX Warning: Hyper reference `rule:A' on page 71 undefined on input line 5051
.


LaTeX Warning: Hyper reference `rule:AE2' on page 71 undefined on input line 50
58.


LaTeX Warning: Hyper reference `rule:A' on page 71 undefined on input line 5065
.


LaTeX Warning: Hyper reference `rule:AE1' on page 71 undefined on input line 50
70.


LaTeX Warning: Hyper reference `rule:AE1' on page 71 undefined on input line 50
70.


LaTeX Warning: Hyper reference `rule:IE' on page 71 undefined on input line 507
6.


LaTeX Warning: Hyper reference `rule:AE2' on page 71 undefined on input line 50
76.


LaTeX Warning: Hyper reference `rule:UEE' on page 71 undefined on input line 50
81.

./Bd. 19 - Reelle Zahlen.tex:5082: ignored: Infinite glue shrinkage found in box
 being split [71]

LaTeX Warning: Hyper reference `rule:A' on page 72 undefined on input line 5125
.


LaTeX Warning: Hyper reference `rule:A' on page 72 undefined on input line 5126
.


LaTeX Warning: Hyper reference `rule:A' on page 72 undefined on input line 5127
.


LaTeX Warning: Hyper reference `rule:A' on page 72 undefined on input line 5128
.


LaTeX Warning: Hyper reference `rule:A' on page 72 undefined on input line 5134
.


LaTeX Warning: Hyper reference `rule:IE' on page 72 undefined on input line 513
7.


LaTeX Warning: Hyper reference `rule:II' on page 72 undefined on input line 513
7.


LaTeX Warning: Hyper reference `rule:IE' on page 72 undefined on input line 513
9.


LaTeX Warning: Hyper reference `rule:BI' on page 72 undefined on input line 514
0.


LaTeX Warning: Hyper reference `rule:CI' on page 72 undefined on input line 514
2.


LaTeX Warning: Hyper reference `rule:AI' on page 72 undefined on input line 514
5.

[72]

LaTeX Warning: Hyper reference `rule:A' on page 73 undefined on input line 5165
.


LaTeX Warning: Hyper reference `rule:A' on page 73 undefined on input line 5166
.


LaTeX Warning: Hyper reference `rule:A' on page 73 undefined on input line 5167
.


LaTeX Warning: Hyper reference `rule:A' on page 73 undefined on input line 5169
.


LaTeX Warning: Hyper reference `rule:A' on page 73 undefined on input line 5173
.


LaTeX Warning: Hyper reference `rule:BI' on page 73 undefined on input line 517
7.


LaTeX Warning: Hyper reference `rule:CI' on page 73 undefined on input line 518
0.


LaTeX Warning: Hyper reference `rule:A' on page 73 undefined on input line 5186
.


LaTeX Warning: Hyper reference `rule:AE1' on page 73 undefined on input line 51
89.


LaTeX Warning: Hyper reference `rule:A' on page 73 undefined on input line 5193
.


LaTeX Warning: Hyper reference `rule:BI' on page 73 undefined on input line 519
4.


LaTeX Warning: Hyper reference `rule:AE2' on page 73 undefined on input line 51
94.


LaTeX Warning: Hyper reference `rule:A' on page 73 undefined on input line 5197
.


LaTeX Warning: Hyper reference `rule:OE' on page 73 undefined on input line 519
9.


LaTeX Warning: Hyper reference `rule:A' on page 73 undefined on input line 5200
.


LaTeX Warning: Hyper reference `rule:IE' on page 73 undefined on input line 520
3.


LaTeX Warning: Hyper reference `rule:BI' on page 73 undefined on input line 520
4.


LaTeX Warning: Hyper reference `rule:AE2' on page 73 undefined on input line 52
04.


LaTeX Warning: Hyper reference `rule:CI' on page 73 undefined on input line 520
5.


LaTeX Warning: Hyper reference `rule:AE1' on page 73 undefined on input line 52
09.


LaTeX Warning: Hyper reference `rule:A' on page 73 undefined on input line 5210
.


LaTeX Warning: Hyper reference `rule:IE' on page 73 undefined on input line 521
3.


LaTeX Warning: Hyper reference `rule:AE2' on page 73 undefined on input line 52
13.


LaTeX Warning: Hyper reference `rule:AI' on page 73 undefined on input line 521
3.


LaTeX Warning: Hyper reference `rule:EI' on page 73 undefined on input line 521
7.


LaTeX Warning: Hyper reference `rule:AI' on page 73 undefined on input line 521
7.


LaTeX Warning: Hyper reference `rule:AE1' on page 73 undefined on input line 52
17.


LaTeX Warning: Hyper reference `rule:EE' on page 73 undefined on input line 522
1.


LaTeX Warning: Hyper reference `rule:EE' on page 73 undefined on input line 522
5.

./Bd. 19 - Reelle Zahlen.tex:5226: ignored: Infinite glue shrinkage found in box
 being split [73]

LaTeX Warning: Hyper reference `rule:A' on page 74 undefined on input line 5247
.


LaTeX Warning: Hyper reference `rule:A' on page 74 undefined on input line 5248
.


LaTeX Warning: Hyper reference `rule:A' on page 74 undefined on input line 5249
.


LaTeX Warning: Hyper reference `rule:A' on page 74 undefined on input line 5251
.


LaTeX Warning: Hyper reference `rule:A' on page 74 undefined on input line 5252
.


LaTeX Warning: Hyper reference `rule:AI' on page 74 undefined on input line 526
8.


LaTeX Warning: Hyper reference `rule:AE2' on page 74 undefined on input line 52
68.


LaTeX Warning: Hyper reference `rule:AE1' on page 74 undefined on input line 52
68.


LaTeX Warning: Hyper reference `rule:A' on page 74 undefined on input line 5272
.


LaTeX Warning: Hyper reference `rule:AE1' on page 74 undefined on input line 52
76.


LaTeX Warning: Hyper reference `rule:AE1' on page 74 undefined on input line 52
76.


LaTeX Warning: Hyper reference `rule:AE1' on page 74 undefined on input line 52
80.


LaTeX Warning: Hyper reference `rule:IE' on page 74 undefined on input line 529
2.


LaTeX Warning: Hyper reference `rule:AE1' on page 74 undefined on input line 52
92.


LaTeX Warning: Hyper reference `rule:AE2' on page 74 undefined on input line 52
92.


LaTeX Warning: Hyper reference `rule:AE1' on page 74 undefined on input line 52
92.


LaTeX Warning: Hyper reference `rule:A' on page 74 undefined on input line 5295
.


LaTeX Warning: Hyper reference `rule:RE' on page 74 undefined on input line 529
7.


LaTeX Warning: Hyper reference `rule:UE' on page 74 undefined on input line 529
7.


LaTeX Warning: Hyper reference `rule:AE2' on page 74 undefined on input line 52
97.


LaTeX Warning: Hyper reference `rule:AE1' on page 74 undefined on input line 53
01.


LaTeX Warning: Hyper reference `rule:AE1' on page 74 undefined on input line 53
01.


LaTeX Warning: Hyper reference `rule:BI' on page 74 undefined on input line 530
4.


LaTeX Warning: Hyper reference `rule:AE2' on page 74 undefined on input line 53
04.


LaTeX Warning: Hyper reference `rule:CI' on page 74 undefined on input line 530
7.


LaTeX Warning: Hyper reference `rule:A' on page 74 undefined on input line 5316
.


LaTeX Warning: Hyper reference `rule:AE1' on page 74 undefined on input line 53
19.


LaTeX Warning: Hyper reference `rule:AE1' on page 74 undefined on input line 53
21.


LaTeX Warning: Hyper reference `rule:AE1' on page 74 undefined on input line 53
35.


LaTeX Warning: Hyper reference `rule:AE2' on page 74 undefined on input line 53
35.


LaTeX Warning: Hyper reference `rule:AE2' on page 74 undefined on input line 53
35.


LaTeX Warning: Hyper reference `rule:AE2' on page 74 undefined on input line 53
35.


LaTeX Warning: Hyper reference `rule:IE' on page 74 undefined on input line 534
1.


LaTeX Warning: Hyper reference `rule:AE1' on page 74 undefined on input line 53
41.


LaTeX Warning: Hyper reference `rule:RE' on page 74 undefined on input line 534
1.


LaTeX Warning: Hyper reference `rule:UE' on page 74 undefined on input line 534
1.


LaTeX Warning: Hyper reference `rule:AE1' on page 74 undefined on input line 53
41.


LaTeX Warning: Hyper reference `rule:RE' on page 74 undefined on input line 534
3.


LaTeX Warning: Hyper reference `rule:UE' on page 74 undefined on input line 534
3.


LaTeX Warning: Hyper reference `rule:AE2' on page 74 undefined on input line 53
43.


LaTeX Warning: Hyper reference `rule:AE1' on page 74 undefined on input line 53
45.


LaTeX Warning: Hyper reference `rule:AE1' on page 74 undefined on input line 53
45.


LaTeX Warning: Hyper reference `rule:BI' on page 74 undefined on input line 534
6.


LaTeX Warning: Hyper reference `rule:AE2' on page 74 undefined on input line 53
46.


LaTeX Warning: Hyper reference `rule:EE' on page 74 undefined on input line 534
7.


LaTeX Warning: Hyper reference `rule:EE' on page 74 undefined on input line 534
8.


LaTeX Warning: Hyper reference `rule:CI' on page 74 undefined on input line 535
0.

./Bd. 19 - Reelle Zahlen.tex:5351: ignored: Infinite glue shrinkage found in box
 being split [74]

LaTeX Warning: Hyper reference `rule:A' on page 75 undefined on input line 5355
.


LaTeX Warning: Hyper reference `rule:A' on page 75 undefined on input line 5356
.


LaTeX Warning: Hyper reference `rule:A' on page 75 undefined on input line 5357
.


LaTeX Warning: Hyper reference `rule:A' on page 75 undefined on input line 5359
.


LaTeX Warning: Hyper reference `rule:A' on page 75 undefined on input line 5363
.


LaTeX Warning: Hyper reference `rule:IE' on page 75 undefined on input line 536
6.


LaTeX Warning: Hyper reference `rule:UI' on page 75 undefined on input line 537
5.


LaTeX Warning: Hyper reference `rule:RI' on page 75 undefined on input line 537
5.

[75] [76]

LaTeX Warning: Hyper reference `rule:A' on page 77 undefined on input line 5489
.


LaTeX Warning: Hyper reference `rule:A' on page 77 undefined on input line 5490
.


LaTeX Warning: Hyper reference `rule:A' on page 77 undefined on input line 5491
.


LaTeX Warning: Hyper reference `rule:A' on page 77 undefined on input line 5494
.


LaTeX Warning: Hyper reference `rule:IE' on page 77 undefined on input line 549
7.


LaTeX Warning: Hyper reference `rule:AI' on page 77 undefined on input line 555
9.


LaTeX Warning: Hyper reference `rule:AI' on page 77 undefined on input line 555
9.


LaTeX Warning: Hyper reference `rule:BI' on page 77 undefined on input line 555
9.


LaTeX Warning: Hyper reference `rule:A' on page 77 undefined on input line 5597
.


LaTeX Warning: Hyper reference `rule:II' on page 77 undefined on input line 561
3.


LaTeX Warning: Hyper reference `rule:UEI' on page 77 undefined on input line 56
74.

[77]

LaTeX Warning: Hyper reference `rule:A' on page 78 undefined on input line 5691
.


LaTeX Warning: Hyper reference `rule:A' on page 78 undefined on input line 5698
.


LaTeX Warning: Hyper reference `rule:II' on page 78 undefined on input line 570
7.


LaTeX Warning: Hyper reference `rule:UEI' on page 78 undefined on input line 57
81.

./Bd. 19 - Reelle Zahlen.tex:5782: ignored: Infinite glue shrinkage found in box
 being split [78]

LaTeX Warning: Hyper reference `rule:A' on page 79 undefined on input line 5820
.


LaTeX Warning: Hyper reference `rule:A' on page 79 undefined on input line 5821
.


LaTeX Warning: Hyper reference `rule:A' on page 79 undefined on input line 5822
.


LaTeX Warning: Hyper reference `rule:A' on page 79 undefined on input line 5823
.


LaTeX Warning: Hyper reference `rule:A' on page 79 undefined on input line 5854
.


LaTeX Warning: Hyper reference `rule:A' on page 79 undefined on input line 5889
.


LaTeX Warning: Hyper reference `rule:A' on page 79 undefined on input line 5911
.


LaTeX Warning: Hyper reference `rule:AE1' on page 79 undefined on input line 59
23.


LaTeX Warning: Hyper reference `rule:A' on page 79 undefined on input line 5925
.


LaTeX Warning: Hyper reference `rule:IE' on page 79 undefined on input line 592
8.


LaTeX Warning: Hyper reference `rule:AE2' on page 79 undefined on input line 59
28.


LaTeX Warning: Hyper reference `rule:AE1' on page 79 undefined on input line 59
28.


LaTeX Warning: Hyper reference `rule:AE1' on page 79 undefined on input line 59
56.


LaTeX Warning: Hyper reference `rule:AE2' on page 79 undefined on input line 59
56.


LaTeX Warning: Hyper reference `rule:AE2' on page 79 undefined on input line 59
56.


LaTeX Warning: Hyper reference `rule:EE' on page 79 undefined on input line 598
1.


LaTeX Warning: Hyper reference `rule:EE' on page 79 undefined on input line 598
9.


LaTeX Warning: Hyper reference `rule:EE' on page 79 undefined on input line 598
9.


LaTeX Warning: Hyper reference `rule:EE' on page 79 undefined on input line 598
9.


LaTeX Warning: Hyper reference `rule:EI' on page 79 undefined on input line 598
9.

./Bd. 19 - Reelle Zahlen.tex:5990: ignored: Infinite glue shrinkage found in box
 being split [79]
./Bd. 19 - Reelle Zahlen.tex:5990: ignored: Infinite glue shrinkage found in box
 being split [80]

LaTeX Warning: Hyper reference `rule:A' on page 81 undefined on input line 6008
.


LaTeX Warning: Hyper reference `rule:A' on page 81 undefined on input line 6009
.


LaTeX Warning: Hyper reference `rule:A' on page 81 undefined on input line 6017
.


LaTeX Warning: Hyper reference `rule:EE' on page 81 undefined on input line 603
5.


LaTeX Warning: Hyper reference `rule:AI' on page 81 undefined on input line 603
5.


LaTeX Warning: Hyper reference `rule:A' on page 81 undefined on input line 6060
.


LaTeX Warning: Hyper reference `rule:A' on page 81 undefined on input line 6061
.


LaTeX Warning: Hyper reference `rule:A' on page 81 undefined on input line 6063
.


LaTeX Warning: Hyper reference `rule:A' on page 81 undefined on input line 6065
.


LaTeX Warning: Hyper reference `rule:A' on page 81 undefined on input line 6066
.


LaTeX Warning: Hyper reference `rule:A' on page 81 undefined on input line 6067
.


LaTeX Warning: Hyper reference `rule:A' on page 81 undefined on input line 6068
.


LaTeX Warning: Hyper reference `rule:A' on page 81 undefined on input line 6075
.


LaTeX Warning: Hyper reference `rule:UE' on page 81 undefined on input line 607
7.


LaTeX Warning: Hyper reference `rule:AE2' on page 81 undefined on input line 60
77.


LaTeX Warning: Hyper reference `rule:BI' on page 81 undefined on input line 608
1.


LaTeX Warning: Hyper reference `rule:CI' on page 81 undefined on input line 608
3.


LaTeX Warning: Hyper reference `rule:A' on page 81 undefined on input line 6088
.


LaTeX Warning: Hyper reference `rule:EE' on page 81 undefined on input line 609
4.


LaTeX Warning: Hyper reference `rule:EI' on page 81 undefined on input line 609
4.

./Bd. 19 - Reelle Zahlen.tex:6095: ignored: Infinite glue shrinkage found in box
 being split [81]

LaTeX Warning: Hyper reference `rule:A' on page 82 undefined on input line 6119
.


LaTeX Warning: Hyper reference `rule:A' on page 82 undefined on input line 6123
.


LaTeX Warning: Hyper reference `rule:A' on page 82 undefined on input line 6129
.


LaTeX Warning: Hyper reference `rule:EE' on page 82 undefined on input line 614
7.


LaTeX Warning: Hyper reference `rule:A' on page 82 undefined on input line 6151
.


LaTeX Warning: Hyper reference `rule:A' on page 82 undefined on input line 6178
.


LaTeX Warning: Hyper reference `rule:II' on page 82 undefined on input line 618
2.


LaTeX Warning: Hyper reference `rule:AI' on page 82 undefined on input line 621
4.

./Bd. 19 - Reelle Zahlen.tex:6215: ignored: Infinite glue shrinkage found in box
 being split [82]

LaTeX Warning: Hyper reference `rule:A' on page 83 undefined on input line 6243
.


LaTeX Warning: Hyper reference `rule:A' on page 83 undefined on input line 6244
.


LaTeX Warning: Hyper reference `rule:A' on page 83 undefined on input line 6245
.


LaTeX Warning: Hyper reference `rule:AE1' on page 83 undefined on input line 62
49.


LaTeX Warning: Hyper reference `rule:A' on page 83 undefined on input line 6250
.


LaTeX Warning: Hyper reference `rule:AE2' on page 83 undefined on input line 62
55.


LaTeX Warning: Hyper reference `rule:AE2' on page 83 undefined on input line 62
55.


LaTeX Warning: Hyper reference `rule:AE1' on page 83 undefined on input line 62
60.


LaTeX Warning: Hyper reference `rule:AE1' on page 83 undefined on input line 62
60.


LaTeX Warning: Hyper reference `rule:EE' on page 83 undefined on input line 626
9.


LaTeX Warning: Hyper reference `rule:RI' on page 83 undefined on input line 626
9.


LaTeX Warning: Hyper reference `rule:A' on page 83 undefined on input line 6272
.


LaTeX Warning: Hyper reference `rule:A' on page 83 undefined on input line 6273
.


LaTeX Warning: Hyper reference `rule:AE1' on page 83 undefined on input line 62
76.


LaTeX Warning: Hyper reference `rule:BI' on page 83 undefined on input line 629
0.


LaTeX Warning: Hyper reference `rule:AE2' on page 83 undefined on input line 62
90.


LaTeX Warning: Hyper reference `rule:CI' on page 83 undefined on input line 629
1.


LaTeX Warning: Hyper reference `rule:RI' on page 83 undefined on input line 629
5.


LaTeX Warning: Hyper reference `rule:BI' on page 83 undefined on input line 629
9.


LaTeX Warning: Hyper reference `rule:UI' on page 83 undefined on input line 630
5.


LaTeX Warning: Hyper reference `rule:RI' on page 83 undefined on input line 630
5.

./Bd. 19 - Reelle Zahlen.tex:6306: ignored: Infinite glue shrinkage found in box
 being split [83]

LaTeX Warning: Hyper reference `rule:A' on page 84 undefined on input line 6329
.


LaTeX Warning: Hyper reference `rule:A' on page 84 undefined on input line 6330
.


LaTeX Warning: Hyper reference `rule:A' on page 84 undefined on input line 6335
.


LaTeX Warning: Hyper reference `rule:A' on page 84 undefined on input line 6346
.


LaTeX Warning: Hyper reference `rule:A' on page 84 undefined on input line 6361
.


LaTeX Warning: Hyper reference `rule:A' on page 84 undefined on input line 6373
.


LaTeX Warning: Hyper reference `rule:A' on page 84 undefined on input line 6388
.


LaTeX Warning: Hyper reference `rule:OE' on page 84 undefined on input line 639
6.


LaTeX Warning: Hyper reference `rule:EE' on page 84 undefined on input line 639
6.


LaTeX Warning: Hyper reference `rule:EE' on page 84 undefined on input line 639
6.


LaTeX Warning: Hyper reference `rule:CI' on page 84 undefined on input line 639
8.


LaTeX Warning: Hyper reference `rule:UI' on page 84 undefined on input line 640
2.


LaTeX Warning: Hyper reference `rule:RI' on page 84 undefined on input line 640
2.

./Bd. 19 - Reelle Zahlen.tex:6403: ignored: Infinite glue shrinkage found in box
 being split [84]

LaTeX Warning: Hyper reference `rule:A' on page 85 undefined on input line 6424
.


LaTeX Warning: Hyper reference `rule:A' on page 85 undefined on input line 6427
.


LaTeX Warning: Hyper reference `rule:A' on page 85 undefined on input line 6439
.


LaTeX Warning: Hyper reference `rule:A' on page 85 undefined on input line 6440
.


LaTeX Warning: Hyper reference `rule:A' on page 85 undefined on input line 6441
.


LaTeX Warning: Hyper reference `rule:A' on page 85 undefined on input line 6446
.


LaTeX Warning: Hyper reference `rule:EE' on page 85 undefined on input line 647
0.


LaTeX Warning: Hyper reference `rule:RI' on page 85 undefined on input line 647
0.


LaTeX Warning: Hyper reference `rule:A' on page 85 undefined on input line 6473
.


LaTeX Warning: Hyper reference `rule:A' on page 85 undefined on input line 6490
.


LaTeX Warning: Hyper reference `rule:A' on page 85 undefined on input line 6514
.


LaTeX Warning: Hyper reference `rule:EE' on page 85 undefined on input line 652
4.


LaTeX Warning: Hyper reference `rule:EE' on page 85 undefined on input line 652
4.


LaTeX Warning: Hyper reference `rule:RI' on page 85 undefined on input line 652
4.


LaTeX Warning: Hyper reference `rule:BI' on page 85 undefined on input line 652
9.


LaTeX Warning: Hyper reference `rule:UI' on page 85 undefined on input line 653
4.


LaTeX Warning: Hyper reference `rule:RI' on page 85 undefined on input line 653
4.


LaTeX Warning: Hyper reference `rule:A' on page 85 undefined on input line 6541
.


LaTeX Warning: Hyper reference `rule:IE' on page 85 undefined on input line 654
6.


LaTeX Warning: Hyper reference `rule:UE' on page 85 undefined on input line 654
6.


LaTeX Warning: Hyper reference `rule:AE1' on page 85 undefined on input line 65
46.


LaTeX Warning: Hyper reference `rule:AE2' on page 85 undefined on input line 65
46.


LaTeX Warning: Hyper reference `rule:IE' on page 85 undefined on input line 655
2.


LaTeX Warning: Hyper reference `rule:AE2' on page 85 undefined on input line 65
52.


LaTeX Warning: Hyper reference `rule:EE' on page 85 undefined on input line 655
5.


LaTeX Warning: Hyper reference `rule:UI' on page 85 undefined on input line 655
9.


LaTeX Warning: Hyper reference `rule:RI' on page 85 undefined on input line 655
9.

./Bd. 19 - Reelle Zahlen.tex:6560: ignored: Infinite glue shrinkage found in box
 being split [85]

LaTeX Warning: Hyper reference `rule:A' on page 86 undefined on input line 6583
.


LaTeX Warning: Hyper reference `rule:A' on page 86 undefined on input line 6586
.


LaTeX Warning: Hyper reference `rule:A' on page 86 undefined on input line 6599
.


LaTeX Warning: Hyper reference `rule:A' on page 86 undefined on input line 6601
.


LaTeX Warning: Hyper reference `rule:A' on page 86 undefined on input line 6615
.


LaTeX Warning: Hyper reference `rule:A' on page 86 undefined on input line 6616
.


LaTeX Warning: Hyper reference `rule:A' on page 86 undefined on input line 6624
.


LaTeX Warning: Hyper reference `rule:A' on page 86 undefined on input line 6632
.


LaTeX Warning: Hyper reference `rule:A' on page 86 undefined on input line 6634
.


LaTeX Warning: Hyper reference `rule:RI' on page 86 undefined on input line 666
3.


LaTeX Warning: Hyper reference `rule:OE' on page 86 undefined on input line 666
3.


LaTeX Warning: Hyper reference `rule:EE' on page 86 undefined on input line 666
3.


LaTeX Warning: Hyper reference `rule:A' on page 86 undefined on input line 6666
.


LaTeX Warning: Hyper reference `rule:A' on page 86 undefined on input line 6670
.


LaTeX Warning: Hyper reference `rule:A' on page 86 undefined on input line 6675
.


LaTeX Warning: Hyper reference `rule:A' on page 86 undefined on input line 6699
.


LaTeX Warning: Hyper reference `rule:A' on page 86 undefined on input line 6719
.


LaTeX Warning: Hyper reference `rule:EE' on page 86 undefined on input line 672
9.


LaTeX Warning: Hyper reference `rule:EE' on page 86 undefined on input line 672
9.


LaTeX Warning: Hyper reference `rule:RI' on page 86 undefined on input line 673
4.


LaTeX Warning: Hyper reference `rule:OE' on page 86 undefined on input line 673
4.


LaTeX Warning: Hyper reference `rule:BI' on page 86 undefined on input line 673
9.


LaTeX Warning: Hyper reference `rule:UI' on page 86 undefined on input line 674
4.


LaTeX Warning: Hyper reference `rule:RI' on page 86 undefined on input line 674
4.


LaTeX Warning: Hyper reference `rule:AE1' on page 86 undefined on input line 67
48.


LaTeX Warning: Hyper reference `rule:A' on page 86 undefined on input line 6750
.


LaTeX Warning: Hyper reference `rule:IE' on page 86 undefined on input line 675
5.


LaTeX Warning: Hyper reference `rule:UE' on page 86 undefined on input line 675
5.


LaTeX Warning: Hyper reference `rule:AE1' on page 86 undefined on input line 67
55.


LaTeX Warning: Hyper reference `rule:AE2' on page 86 undefined on input line 67
55.


LaTeX Warning: Hyper reference `rule:IE' on page 86 undefined on input line 676
2.


LaTeX Warning: Hyper reference `rule:AE2' on page 86 undefined on input line 67
62.


LaTeX Warning: Hyper reference `rule:EE' on page 86 undefined on input line 676
5.


LaTeX Warning: Hyper reference `rule:RI' on page 86 undefined on input line 676
9.


LaTeX Warning: Hyper reference `rule:UI' on page 86 undefined on input line 677
4.


LaTeX Warning: Hyper reference `rule:RI' on page 86 undefined on input line 677
4.

[86]
./Bd. 19 - Reelle Zahlen.tex:6775: ignored: Infinite glue shrinkage found in box
 being split [87] [88]

LaTeX Warning: Hyper reference `rule:A' on page 89 undefined on input line 6800
.


LaTeX Warning: Hyper reference `rule:A' on page 89 undefined on input line 6802
.


LaTeX Warning: Hyper reference `rule:A' on page 89 undefined on input line 6817
.


LaTeX Warning: Hyper reference `rule:IE' on page 89 undefined on input line 682
1.


LaTeX Warning: Hyper reference `rule:UE' on page 89 undefined on input line 682
1.


LaTeX Warning: Hyper reference `rule:UI' on page 89 undefined on input line 682
8.


LaTeX Warning: Hyper reference `rule:RI' on page 89 undefined on input line 682
8.


LaTeX Warning: Hyper reference `rule:A' on page 89 undefined on input line 6834
.


LaTeX Warning: Hyper reference `rule:A' on page 89 undefined on input line 6841
.


LaTeX Warning: Hyper reference `rule:A' on page 89 undefined on input line 6842
.


LaTeX Warning: Hyper reference `rule:UE' on page 89 undefined on input line 684
6.


LaTeX Warning: Hyper reference `rule:AI' on page 89 undefined on input line 684
6.


LaTeX Warning: Hyper reference `rule:A' on page 89 undefined on input line 6847
.


LaTeX Warning: Hyper reference `rule:OE' on page 89 undefined on input line 685
7.


LaTeX Warning: Hyper reference `rule:A' on page 89 undefined on input line 6858
.


LaTeX Warning: Hyper reference `rule:A' on page 89 undefined on input line 6859
.


LaTeX Warning: Hyper reference `rule:A' on page 89 undefined on input line 6867
.


LaTeX Warning: Hyper reference `rule:OE' on page 89 undefined on input line 687
7.


LaTeX Warning: Hyper reference `rule:OE' on page 89 undefined on input line 688
0.


LaTeX Warning: Hyper reference `rule:UI' on page 89 undefined on input line 688
4.


LaTeX Warning: Hyper reference `rule:RI' on page 89 undefined on input line 688
4.


LaTeX Warning: Hyper reference `rule:AI' on page 89 undefined on input line 689
2.


LaTeX Warning: Hyper reference `rule:AI' on page 89 undefined on input line 689
2.

./Bd. 19 - Reelle Zahlen.tex:6893: ignored: Infinite glue shrinkage found in box
 being split [89]

LaTeX Warning: Hyper reference `rule:A' on page 90 undefined on input line 6909
.


LaTeX Warning: Hyper reference `rule:A' on page 90 undefined on input line 6927
.


LaTeX Warning: Hyper reference `rule:A' on page 90 undefined on input line 6931
.


LaTeX Warning: Hyper reference `rule:UI' on page 90 undefined on input line 693
7.


LaTeX Warning: Hyper reference `rule:RI' on page 90 undefined on input line 693
7.


LaTeX Warning: Hyper reference `rule:EE' on page 90 undefined on input line 693
7.


LaTeX Warning: Hyper reference `rule:A' on page 90 undefined on input line 6938
.


LaTeX Warning: Hyper reference `rule:A' on page 90 undefined on input line 6942
.


LaTeX Warning: Hyper reference `rule:UI' on page 90 undefined on input line 695
2.


LaTeX Warning: Hyper reference `rule:RI' on page 90 undefined on input line 695
2.


LaTeX Warning: Hyper reference `rule:EE' on page 90 undefined on input line 695
2.


LaTeX Warning: Hyper reference `rule:AI' on page 90 undefined on input line 696
3.


LaTeX Warning: Hyper reference `rule:AI' on page 90 undefined on input line 696
3.


LaTeX Warning: Hyper reference `rule:AE2' on page 90 undefined on input line 69
63.


LaTeX Warning: Hyper reference `rule:IE' on page 90 undefined on input line 696
3.

./Bd. 19 - Reelle Zahlen.tex:6964: ignored: Infinite glue shrinkage found in box
 being split [90]

LaTeX Warning: Hyper reference `rule:A' on page 91 undefined on input line 6987
.


LaTeX Warning: Hyper reference `rule:A' on page 91 undefined on input line 6990
.


LaTeX Warning: Hyper reference `rule:A' on page 91 undefined on input line 7000
.


LaTeX Warning: Hyper reference `rule:A' on page 91 undefined on input line 7002
.


LaTeX Warning: Hyper reference `rule:A' on page 91 undefined on input line 7017
.


LaTeX Warning: Hyper reference `rule:AE1' on page 91 undefined on input line 70
21.


LaTeX Warning: Hyper reference `rule:A' on page 91 undefined on input line 7022
.


LaTeX Warning: Hyper reference `rule:AE1' on page 91 undefined on input line 70
26.


LaTeX Warning: Hyper reference `rule:UE' on page 91 undefined on input line 702
8.


LaTeX Warning: Hyper reference `rule:AE2' on page 91 undefined on input line 70
28.


LaTeX Warning: Hyper reference `rule:IE' on page 91 undefined on input line 703
1.


LaTeX Warning: Hyper reference `rule:UE' on page 91 undefined on input line 703
1.


LaTeX Warning: Hyper reference `rule:AE2' on page 91 undefined on input line 70
31.


LaTeX Warning: Hyper reference `rule:EE' on page 91 undefined on input line 703
4.


LaTeX Warning: Hyper reference `rule:UI' on page 91 undefined on input line 703
8.


LaTeX Warning: Hyper reference `rule:RI' on page 91 undefined on input line 703
8.


LaTeX Warning: Hyper reference `rule:AE1' on page 91 undefined on input line 70
42.


LaTeX Warning: Hyper reference `rule:AE2' on page 91 undefined on input line 70
42.


LaTeX Warning: Hyper reference `rule:IE' on page 91 undefined on input line 704
5.


LaTeX Warning: Hyper reference `rule:A' on page 91 undefined on input line 7050
.


LaTeX Warning: Hyper reference `rule:II' on page 91 undefined on input line 705
2.


LaTeX Warning: Hyper reference `rule:AE1' on page 91 undefined on input line 70
73.


LaTeX Warning: Hyper reference `rule:AE1' on page 91 undefined on input line 70
79.


LaTeX Warning: Hyper reference `rule:AE2' on page 91 undefined on input line 70
79.


LaTeX Warning: Hyper reference `rule:AI' on page 91 undefined on input line 708
1.


LaTeX Warning: Hyper reference `rule:AE1' on page 91 undefined on input line 70
81.


LaTeX Warning: Hyper reference `rule:AE2' on page 91 undefined on input line 70
81.


LaTeX Warning: Hyper reference `rule:AE2' on page 91 undefined on input line 70
81.


LaTeX Warning: Hyper reference `rule:AE2' on page 91 undefined on input line 70
81.


LaTeX Warning: Hyper reference `rule:A' on page 91 undefined on input line 7091
.


LaTeX Warning: Hyper reference `rule:IE' on page 91 undefined on input line 713
8.


LaTeX Warning: Hyper reference `rule:UEI' on page 91 undefined on input line 71
50.


LaTeX Warning: Hyper reference `rule:RI' on page 91 undefined on input line 715
0.

./Bd. 19 - Reelle Zahlen.tex:7151: ignored: Infinite glue shrinkage found in box
 being split [91] [92] [93]
(C:/Latex/Die-Grundlagen-der-Mathematik/tmp/pdfs/b19-fast/B19-isolated.aux)
 ***********
LaTeX2e <2025-11-01>
L3 programming layer <2026-03-20>
 ***********


LaTeX Warning: There were undefined references.

Package rerunfilecheck Info: File `B19-isolated.out' has not changed.
(rerunfilecheck)             Checksum: B8C6917BBA795A30B5FE0E442D4B0D08;3235.
))

Here is how much of LuaTeX's memory you used:
 17456 strings out of 475900
 156416,1977958 words of node,token memory allocated
 6480 words of node memory still in use:
   112 hlist, 15 vlist, 11 rule, 1 local_par, 50 math, 128 glue, 34 kern, 2 pena
lty, 122 glyph, 857 attribute, 63 glue_spec, 429 attribute_list, 1 write nodes
   avail lists: 1:5,2:6095,3:410,4:23,5:680,6:120,7:11957,8:86,9:3531,10:11,11:3
18
 39220 multiletter control sequences out of 65536+600000
 83 fonts using 6335023 bytes
 97i,22n,98p,1108b,770s stack positions out of 10000i,1000n,20000p,200000b,200000s
<c:/users/martin kunze/appdata/local/programs/miktex/fonts/opentype/public/lm/lm
roman8-bold.otf><c:/users/martin kunze/appdata/local/programs/miktex/fonts/opent
ype/public/lm/lmroman8-regular.otf><c:/users/martin kunze/appdata/local/programs
/miktex/fonts/opentype/public/lm/lmroman10-italic.otf><c:/users/martin kunze/app
data/local/programs/miktex/fonts/opentype/public/lm/lmroman10-bolditalic.otf><c:
/users/martin kunze/appdata/local/programs/miktex/fonts/opentype/public/lm/lmrom
an10-regular.otf><c:/users/martin kunze/appdata/local/programs/miktex/fonts/open
type/public/lm/lmroman10-bold.otf><c:/users/martin kunze/appdata/local/programs/
miktex/fonts/opentype/public/lm/lmroman12-bold.otf><c:/users/martin kunze/appdat
a/local/programs/miktex/fonts/opentype/public/lm/lmroman12-regular.otf><c:/users
/martin kunze/appdata/local/programs/miktex/fonts/opentype/public/lm/lmroman17-r
egular.otf><C:/Users/Martin Kunze/AppData/Local/Programs/MiKTeX/fonts/type1/publ
ic/amsfonts/cm/cmex10.pfb><C:/Users/Martin Kunze/AppData/Local/Programs/MiKTeX/f
onts/type1/public/amsfonts/cmextra/cmex8.pfb><C:/Users/Martin Kunze/AppData/Loca
l/Programs/MiKTeX/fonts/type1/public/amsfonts/cm/cmmi10.pfb><C:/Users/Martin Kun
ze/AppData/Local/Programs/MiKTeX/fonts/type1/public/amsfonts/cm/cmmi6.pfb><C:/Us
ers/Martin Kunze/AppData/Local/Programs/MiKTeX/fonts/type1/public/amsfonts/cm/cm
mi7.pfb><C:/Users/Martin Kunze/AppData/Local/Programs/MiKTeX/fonts/type1/public/
amsfonts/cm/cmmi8.pfb><C:/Users/Martin Kunze/AppData/Local/Programs/MiKTeX/fonts
/type1/public/amsfonts/cm/cmr10.pfb><C:/Users/Martin Kunze/AppData/Local/Program
s/MiKTeX/fonts/type1/public/amsfonts/cm/cmr6.pfb><C:/Users/Martin Kunze/AppData/
Local/Programs/MiKTeX/fonts/type1/public/amsfonts/cm/cmr7.pfb><C:/Users/Martin K
unze/AppData/Local/Programs/MiKTeX/fonts/type1/public/amsfonts/cm/cmr8.pfb><C:/U
sers/Martin Kunze/AppData/Local/Programs/MiKTeX/fonts/type1/public/amsfonts/cm/c
mss10.pfb><C:/Users/Martin Kunze/AppData/Local/Programs/MiKTeX/fonts/type1/publi
c/amsfonts/cm/cmss8.pfb><C:/Users/Martin Kunze/AppData/Local/Programs/MiKTeX/fon
ts/type1/public/amsfonts/cm/cmsy10.pfb><C:/Users/Martin Kunze/AppData/Local/Prog
rams/MiKTeX/fonts/type1/public/amsfonts/cm/cmsy6.pfb><C:/Users/Martin Kunze/AppD
ata/Local/Programs/MiKTeX/fonts/type1/public/amsfonts/cm/cmsy7.pfb><C:/Users/Mar
tin Kunze/AppData/Local/Programs/MiKTeX/fonts/type1/public/amsfonts/cm/cmsy8.pfb
><C:/Users/Martin Kunze/AppData/Local/Programs/MiKTeX/fonts/type1/public/amsfont
s/symbols/msam10.pfb><C:/Users/Martin Kunze/AppData/Local/Programs/MiKTeX/fonts/
type1/public/amsfonts/symbols/msam7.pfb><C:/Users/Martin Kunze/AppData/Local/Pro
grams/MiKTeX/fonts/type1/public/amsfonts/symbols/msbm10.pfb><C:/Users/Martin Kun
ze/AppData/Local/Programs/MiKTeX/fonts/type1/public/amsfonts/symbols/msbm5.pfb><
C:/Users/Martin Kunze/AppData/Local/Programs/MiKTeX/fonts/type1/public/amsfonts/
symbols/msbm7.pfb>
Output written on B19-isolated.pdf (94 pages, 892162 bytes).

PDF statistics: 1871 PDF objects out of 2073 (max. 8388607)
 403 named destinations out of 1000 (max. 1048576)
 137 words of extra memory for PDF output out of 10000 (max. 100000000)

